x,y,name,color,line
9.455931,38.411972,Ocean's Twelve,0,0
22.198404,41.223907,Contact,0,0
17.913109,12.121147,Pearl Harbor,0,0
19.609182,43.13725,The Painted Veil,0,0
-12.212264,18.592709,Mamma Mia!,0,0
7.6354904,83.03677,Days of Being Wild,0,0
20.22627,60.519695,The Guard,0,0
-3.5143683,16.947317,The Nightmare Before Christmas,0,0
34.88895,-11.851475,Gate Keepers 21,0,0
44.562355,-3.809742,Evangelion: 2.0 You Can (Not) Advance,0,0
17.974785,20.034067,Prince of Persia: The Sands of Time,0,0
30.802,-25.298668,Brian Drummond,0,0
62.08429,13.549721,"Paris, je t'aime",0,0
27.225765,11.375537,Alexander,0,0
73.03003,28.2422,Live and Let Die,0,0
26.141201,46.001545,The Golden Compass,0,0
-15.031405,39.31029,Reversal of Fortune,0,0
71.98245,24.64769,Never Say Never Again,0,0
5.116331,65.20615,The Pianist,0,0
36.61174,17.086012,Percy Jackson & the Olympians: The Lightning Thief,0,0
9.02606,64.263916,"Crouching Tiger, Hidden Dragon",0,0
2.6133065,16.206299,The Prince of Egypt,0,0
73.109825,25.732819,From Russia with Love,0,0
0.5859229,46.47152,"Good Night, and Good Luck",0,0
20.442537,58.19739,Salmon Fishing in the Yemen,0,0
-8.930601,40.7444,Training Day,0,0
41.524246,46.32012,Click,0,0
1.4692978,50.868877,The Kids Are All Right,0,0
44.481304,46.567432,Pineapple Express,0,0
46.8781,15.127618,The Hangover Part II,0,0
21.268482,52.138912,Lords of Dogtown,0,0
46.379463,39.964077,Frankenweenie,0,0
-23.214876,42.36676,MASH,0,0
-1.5602823,40.785965,Seabiscuit,0,0
45.181248,11.636173,I Now Pronounce You Chuck and Larry,0,0
-19.387358,40.160305,Taxi Driver,0,0
-32.78077,22.542538,The Maltese Falcon,0,0
71.53056,28.468845,For Your Eyes Only,0,0
20.300644,6.62065,Godzilla,0,0
12.964232,-20.67274,David Henrie,0,0
27.247164,52.100903,Submarine,0,0
32.930527,45.018517,Terminator Salvation,0,0
69.5588,26.606018,The World Is Not Enough,0,0
44.723446,33.328968,Blade II,0,0
-33.23905,37.58218,The Sand Pebbles,0,0
17.840633,-21.87559,Michael Cera,0,0
-29.277267,29.090502,Victor Victoria,0,0
34.17749,12.711366,X-Men: First Class,0,0
-2.6246889,47.88798,The Talented Mr. Ripley,0,0
-5.6820555,43.655468,House of Sand and Fog,0,0
13.600206,30.028868,Children of Men,0,0
24.191366,29.17789,Mission: Impossible III,0,0
-0.69604486,24.79969,RoboCop,0,0
-32.234737,50.82719,The Exorcist,0,0
66.61356,32.3828,Quantum of Solace,0,0
12.588616,66.41902,The Orphanage,0,0
23.073814,18.366781,Bob Roberts,0,0
-11.741612,43.57287,Evil Angels,0,0
24.61389,52.55862,The Dreamers,0,0
7.8266416,55.790306,Black Swan,0,0
5.3893924,18.548063,Back to the Future,0,0
9.85158,-7.056126,Stop! Or My Mom Will Shoot,0,0
22.093569,40.68635,Lilo & Stitch,0,0
-29.58604,25.11893,The Guns of Navarone,0,0
36.03155,50.003387,Ironclad,0,0
-26.407652,43.521683,All the President's Men,0,0
5.5523176,11.544442,Around the World in 80 Days,0,0
31.610325,-12.7740345,MegaMan NT Warrior,0,0
-19.257809,44.790535,Broadcast News,0,0
31.069326,25.607212,"I, Robot",0,0
-39.62322,52.62212,Fanny and Alexander,0,0
23.633278,57.725803,50/50,0,0
15.471807,-24.23203,Cate Blanchett,0,0
35.94411,19.446136,She's Having a Baby,0,0
28.147291,46.42553,The Hunger Games,0,0
19.300764,33.95484,Pirates of the Caribbean: At World's End,0,0
-29.702332,56.604942,Driving Miss Daisy,0,0
-0.45025468,42.462482,Pulp Fiction,0,0
53.93192,25.32967,Rush Hour 2,0,0
-13.903492,37.213276,Nixon,0,0
12.501812,48.21285,Julie & Julia,0,0
53.404606,50.09356,I Heart Huckabees,0,0
-7.6531906,8.383821,A Mighty Wind,0,0
16.802761,-21.584053,Carlos Alazraqui,0,0
7.2534137,22.460018,Munich,0,0
6.536614,82.334366,Happy Together,0,0
-24.861856,43.37771,Dances with Wolves,0,0
-5.3569975,53.4646,Hotel Rwanda,0,0
-15.856779,15.091623,"Rich Man, Poor Man",0,0
28.806393,16.997572,The Da Vinci Code,0,0
-5.798206,17.486547,Big,0,0
16.23696,-24.723318,Claire Danes,0,0
-7.1904883,15.035058,David Copperfield,0,0
18.705496,29.117306,Public Enemies,0,0
26.804932,23.637999,Brothers,0,0
26.228495,18.859686,The Brothers Grimm,0,0
14.32669,13.79722,Water for Elephants,0,0
32.48172,41.08665,Snow White and the Huntsman,0,0
31.849192,23.740372,Fantastic Four: Rise of the Silver Surfer,0,0
25.011967,23.175264,Spider-Man 3,0,0
17.305086,13.370781,Con Air,0,0
-30.560183,32.354595,Bulworth,0,0
-13.003608,34.726723,Mulholland Drive,0,0
2.9436715,-0.52620125,The Rocky Horror Picture Show,0,0
-20.50834,48.241962,Sophie's Choice,0,0
5.75492,40.478237,Blood Diamond,0,0
-17.125708,13.26274,Temple Grandin,0,0
-3.6822505,64.72896,Eastern Promises,0,0
6.991632,7.8559065,True Lies,0,0
42.06225,-6.037762,Bleach: Fade to Black,0,0
26.719234,8.873622,Looney Tunes: Back in Action,0,0
23.188719,4.2129254,Bewitched,0,0
30.266136,48.344257,Batman Begins,0,0
-15.282783,40.975986,Missing,0,0
35.85642,9.72892,"New York, I Love You",0,0
36.995293,47.32216,Taken,0,0
50.654057,-10.106918,Dragon Ball Z: Lord Slug,0,0
46.983234,37.852444,Wreck-It Ralph,0,0
46.329903,38.81106,Brave,0,0
6.7767534,52.094307,Take Shelter,0,0
43.676105,21.006014,Anchorman: The Legend of Ron Burgundy,0,0
22.076027,37.971027,Saw III,0,0
36.288807,32.261425,The Incredible Hulk,0,0
-21.469944,68.26411,Frida,0,0
14.526976,61.550537,Rust and Bone,0,0
48.094128,38.104607,Finding Nemo,0,0
40.682446,43.35539,Knight and Day,0,0
25.155155,-24.58176,Toshiyuki Morikawa,0,0
-33.730145,44.927574,A Man for All Seasons,0,0
24.531368,69.34303,"The Good, the Bad, the Weird",0,0
36.639236,70.45216,Frankenstein,0,0
15.620818,9.305989,The Texas Chainsaw Massacre,0,0
18.830517,-18.34937,Wally Wingert,0,0
14.28144,-22.620554,Patrick Stewart,0,0
37.288925,57.04005,Wuthering Heights,0,0
-12.115519,21.864391,Philadelphia,0,0
31.998978,31.671494,The Avengers,0,0
-23.5608,32.97187,Richard III,0,0
31.04829,12.94948,Machete,0,0
-33.53415,41.58453,Patton,0,0
-6.125994,22.880594,Memoirs of a Geisha,0,0
49.304543,-8.67539,Dragon Ball Z: Bojack Unbound,0,0
67.4843,30.405943,Tomorrow Never Dies,0,0
-4.385432,42.218235,Forrest Gump,0,0
55.546535,22.416527,The Taking of Pelham 123,0,0
36.317635,-13.091845,Eureka Seven,0,0
-9.3524885,44.090725,The Unbearable Lightness of Being,0,0
30.88147,8.56434,Even Cowgirls Get the Blues,0,0
-45.78116,33.992016,Sabrina,0,0
-2.6665223,39.49461,Hustle & Flow,0,0
20.226507,-27.817554,Maurice LaMarche,0,0
27.558025,24.43674,Amazing Grace,0,0
-1.7600453,46.310562,Good Will Hunting,0,0
-36.110893,41.381626,From Here to Eternity,0,0
-47.148354,31.941895,Stalag 17,0,0
7.1997285,18.309345,Freddy vs. Jason,0,0
45.31125,38.48218,Cars 2,0,0
11.790525,-6.406952,Cobra,0,0
-1.4393816,9.138597,Bedknobs and Broomsticks,0,0
2.6320534,-6.7766013,Madagascar,0,0
-7.10096,20.45383,Pinocchio,0,0
5.2862496,75.26612,The Flowers of War,0,0
6.746551,51.946644,The Help,0,0
-21.186216,38.110126,The Go-Between,0,0
3.0190566,44.839146,Three Kings,0,0
22.50451,44.416573,Midnight's Children,0,0
32.70432,39.25171,Zack and Miri Make a Porno,0,0
23.55087,4.5476418,In the Name of the King: A Dungeon Siege Tale,0,0
-44.488823,33.99773,The Country Girl,0,0
-16.30637,44.20676,Radio Days,0,0
17.602928,27.007824,Harry Potter and the Philosopher's Stone,0,0
18.29414,2.414703,Ghost Rider: Spirit of Vengeance,0,0
46.815254,-7.100865,Summer Wars,0,0
21.091555,16.552671,Elektra,0,0
-11.995503,22.416616,Chicago,0,0
22.763773,16.11952,Vantage Point,0,0
30.738966,3.600805,Ghostbusters,0,0
38.30952,20.202566,Shrek the Third,0,0
33.68284,-14.924817,Mobile Suit Gundam SEED,0,0
10.849501,-7.493492,Rocky IV,0,0
42.797604,45.7848,Funny People,0,0
-10.074307,47.97299,A Prairie Home Companion,0,0
8.856837,25.107338,Shanghai,0,0
65.14823,21.624271,Swept Away,0,0
20.430891,12.809275,Gigli,0,0
35.497807,25.610142,Eat Pray Love,0,0
-21.466648,45.142162,Coming Home,0,0
3.8575873,33.237965,The Girl with the Dragon Tattoo,0,0
29.621498,25.590792,Captain America: The First Avenger,0,0
38.91307,31.313461,Marley & Me,0,0
-4.861925,10.892818,Batman,0,0
23.75731,6.589412,Battlefield Earth,0,0
-23.438507,28.299217,Dr. Strangelove or: How I Learned to Stop Worrying and Love the Bomb,0,0
22.680676,67.548416,8 Women,0,0
27.711842,2.6424806,Anastasia,0,0
23.467947,13.975929,The Pink Panther 2,0,0
1.103216,35.118546,Hannibal,0,0
54.082806,30.376385,The Count of Monte Cristo,0,0
32.94797,36.7228,Sherlock Holmes,0,0
3.7600539,57.674816,Away from Her,0,0
30.415396,45.13974,Green Lantern,0,0
32.210716,-6.077083,Metropolis,0,0
2.666629,54.465992,The Savages,0,0
-43.01671,38.21418,Roman Holiday,0,0
-29.635351,52.648,Breaking Away,0,0
11.554341,66.565384,Volver,0,0
11.887381,14.949969,Star Wars: The Clone Wars,0,0
50.2686,37.958305,Cars,0,0
12.526904,-25.39222,Judy Greer,0,0
-13.620409,27.965618,Fiddler on the Roof,0,0
43.675526,48.40502,21 Jump Street,0,0
21.568615,29.891973,The Mummy - Tomb of the Dragon Emperor,0,0
14.21443,42.520664,Lethal Weapon 4,0,0
18.081724,76.907,Ip Man,0,0
33.42911,35.78805,Susan Blu,0,0
16.074884,56.255592,The Believer,0,0
-18.610691,48.916447,Fatal Attraction,0,0
16.170036,51.95482,The Dark Knight,0,0
-8.178295,45.774097,Rachel Getting Married,0,0
47.424496,5.099298,Sailor Moon S the Movie,0,0
-11.207726,23.194597,The Runaways,0,0
-0.94707197,63.305935,Sunshine,0,0
-2.9930866,55.015533,Iris,0,0
12.752769,-19.266958,Trevor Horn,0,0
-5.687738,55.943233,Gosford Park,0,0
16.380028,46.901207,The Life Aquatic with Steve Zissou,0,0
-38.087166,22.970022,Foreign Correspondent,0,0
-16.80794,-0.2506263,Sicko,0,0
27.423996,-5.5260506,The Terminal,0,0
14.983887,-23.562035,Minnie Driver,0,0
29.026821,-26.158,Scott McNeil,0,0
36.680553,57.590626,We Have a Pope,0,0
34.63869,38.479527,Enemy at the Gates,0,0
32.579628,41.971035,Breakfast on Pluto,0,0
4.6811867,53.2958,The Hurt Locker,0,0
37.85989,-1.1590886,Halloween,0,0
-21.928677,52.137615,Braveheart,0,0
50.883987,2.4100575,Treasure Planet,0,0
47.050278,23.366964,Meet the Fockers,0,0
13.65007,-4.9594555,Get Carter,0,0
14.700131,32.925976,Kingdom of Heaven,0,0
18.730423,9.473099,Independence Day,0,0
22.52695,49.50196,Away We Go,0,0
28.388157,17.848923,Splash,0,0
23.601206,25.914438,Taking Woodstock,0,0
29.872581,31.879938,Haywire,0,0
19.630735,-28.72505,Jim Cummings,0,0
-26.107328,34.22012,The Towering Inferno,0,0
-29.011337,64.492584,Death on the Nile,0,0
8.607954,17.165134,U-571,0,0
-0.41121453,45.65779,The Opposite of Sex,0,0
15.32042,58.38795,A Dangerous Method,0,0
-44.85412,47.954563,The Alamo,0,0
12.332169,54.489704,Inception,0,0
-9.2515545,-13.506984,Lagaan: Once Upon a Time in India,0,0
-20.549683,29.51587,City Slickers,0,0
32.383457,10.6505995,Unknown,0,0
31.997791,1.6880834,Die Hard with a Vengeance,0,0
10.130185,21.92246,Mao's Last Dancer,0,0
34.728462,15.437791,The Jackal,0,0
-5.4973316,44.329044,Me and Orson Welles,0,0
-16.383503,68.03153,A Very Long Engagement,0,0
30.085312,36.34888,The Weather Man,0,0
1.193936,51.494576,No Country for Old Men,0,0
9.206114,45.28925,Breaking and Entering,0,0
16.879883,26.043606,Harry Potter and the Half-Blood Prince,0,0
-35.150265,39.803146,Going My Way,0,0
37.36586,21.699583,The Illusionist,0,0
47.651165,-0.84287536,Case Closed: Captured in Her Eyes,0,0
28.91743,37.518665,The Rum Diary,0,0
6.5009704,2.9867444,1941,0,0
30.426964,41.188763,The Fifth Element,0,0
12.347104,-2.947877,The Pirate Movie,0,0
-31.50667,34.006096,Ragtime,0,0
7.11247,49.460087,Changeling,0,0
19.699175,-21.579212,Phil Hartman,0,0
-1.9712721,1.0998377,The League of Extraordinary Gentlemen,0,0
18.419188,12.35221,Speed Racer,0,0
-0.5122605,16.307549,Cinderella,0,0
11.925044,26.972141,The Village,0,0
14.510792,-24.369474,Emily Mortimer,0,0
-19.433546,11.717432,Shackleton,0,0
10.116284,3.301836,Psycho,0,0
5.759031,83.459206,2046,0,0
37.924297,11.865386,We Were Soldiers,0,0
-12.767883,68.444016,Bright Star,0,0
25.113329,16.454252,Salt,0,0
-4.6353936,31.03639,Chaplin,0,0
-3.887456,53.63371,Gladiator,0,0
-19.633127,54.88375,The Lord of the Rings,0,0
13.274462,51.019085,Thank You for Smoking,0,0
9.994242,59.072506,The Reader,0,0
-5.1330037,46.379566,Black Hawk Down,0,0
7.8171215,84.47687,Chungking Express,0,0
-4.9657946,-16.054039,Kal Ho Naa Ho,0,0
26.634848,37.765896,Body of Lies,0,0
43.55218,6.896151,The Dictator,0,0
29.118908,20.274508,The Water Horse: Legend of the Deep,0,0
26.231003,6.943203,The Last Song,0,0
-8.931358,71.13647,The Last King of Scotland,0,0
29.326523,6.458601,Chicken Little,0,0
10.66489,-8.005774,Rocky V,0,0
-0.90809137,5.511864,Young Frankenstein,0,0
-15.616835,19.1154,And the Band Played On,0,0
14.839661,66.54459,A Serious Man,0,0
32.10667,24.766039,Amelia,0,0
-16.4173,11.884081,Backstairs at the White House,0,0
-5.6929393,55.982494,The King's Speech,0,0
23.119373,11.530514,G.I. Joe: The Rise of Cobra,0,0
-7.6670513,8.410298,For Your Consideration,0,0
33.265034,65.70193,Persepolis,0,0
9.795553,64.709335,The Secret in Their Eyes,0,0
27.077984,30.302467,Inkheart,0,0
-20.681135,36.58387,Gandhi,0,0
1.3777642,45.457867,Adaptation,0,0
-15.500884,-1.1051968,Fahrenheit 9/11,0,0
-11.28781,37.75833,Gran Torino,0,0
-8.844446,46.669777,Dead Man Walking,0,0
35.416042,62.589493,The Host,0,0
18.399935,58.77354,The Impossible,0,0
17.715902,-25.83716,Mandy Patinkin,0,0
23.367823,1.54354,Team America: World Police,0,0
40.46445,27.250618,Austin Powers: International Man of Mystery,0,0
50.26942,-7.8357663,Dragon Ball: Mystical Adventure,0,0
27.081009,27.417,Space Cowboys,0,0
48.73814,64.88551,Pina,0,0
41.11414,19.480042,Superbad,0,0
21.171421,3.3380656,The Love Guru,0,0
0.48090786,75.298164,"Lust, Caution",0,0
-31.005142,35.756184,Serpico,0,0
-5.394662,39.865456,A Beautiful Mind,0,0
11.93622,26.932043,The Ladykillers,0,0
5.4508038,29.420246,EDtv,0,0
7.4149885,39.204887,Bobby,0,0
4.8200665,26.444822,Thirteen Days,0,0
-6.3490095,1.9641727,Superman,0,0
41.0918,37.702133,G-Force,0,0
-23.901814,62.551056,Cinema Paradiso,0,0
-15.795096,62.220703,In Bruges,0,0
-4.0574775,40.879044,Titanic,0,0
-17.376999,43.455524,Annie Hall,0,0
35.572876,22.095583,Little Fockers,0,0
17.73099,22.076431,Don't Say a Word,0,0
44.668896,42.09862,Spirited Away,0,0
44.75726,22.934193,DodgeBall: A True Underdog Story,0,0
27.025072,57.79203,Bad Education,0,0
8.890404,64.37897,House of Flying Daggers,0,0
56.31079,29.04784,The Matrix Reloaded,0,0
19.23534,64.68462,The Red Violin,0,0
10.912633,38.6891,Ocean's Eleven,0,0
14.913466,77.60751,Kung Fu Hustle,0,0
29.883688,-1.773025,Star Trek Nemesis,0,0
60.11223,23.516403,XXX,0,0
0.34333748,-7.450796,Brazil,0,0
13.831672,4.08536,Freddy Got Fingered,0,0
-3.1133528,39.294327,Dreamgirls,0,0
0.9349426,32.60768,The Thin Red Line,0,0
3.7441971,8.710128,Midnight in the Garden of Good and Evil,0,0
11.723492,70.44317,Waltz with Bashir,0,0
31.418245,46.650692,The Dark Knight Rises,0,0
-29.844362,57.182117,Breaker Morant,0,0
-3.8913684,43.016975,The Sixth Sense,0,0
12.697658,84.55587,Infernal Affairs II,0,0
18.506775,51.51502,The Beaver,0,0
7.6869283,52.238735,The Tree of Life,0,0
9.411502,18.909845,Jurassic Park,0,0
-39.398754,37.485523,Oklahoma!,0,0
4.520025,-4.325958,Congo,0,0
1.2064372,2.3412778,Mission: Impossible,0,0
-1.6089809,32.18897,Antwone Fisher,0,0
16.209892,23.60686,The Time Machine,0,0
-45.241154,31.73367,Hold Back the Dawn,0,0
13.830168,56.174435,Memento,0,0
21.361225,9.390808,Transformers: Revenge of the Fallen,0,0
13.307576,53.896694,Pan's Labyrinth,0,0
44.467213,-13.724385,Doctor Ivo Robotnik,0,0
50.275787,32.213516,Kung Fu Panda,0,0
21.679993,32.40709,Miracle at St. Anna,0,0
50.269188,40.91119,Ratatouille,0,0
-20.935837,23.306385,The Man in the Iron Mask,0,0
1.4947492,49.39484,The Wrestler,0,0
13.42333,22.40654,Casino Royale,0,0
34.269524,34.899937,Iron Man,0,0
11.472598,10.755968,Hancock,0,0
28.145876,26.141632,Terminator 3: Rise of the Machines,0,0
18.075361,-21.953184,Will Arnett,0,0
70.938126,25.824715,You Only Live Twice,0,0
24.376066,-9.231987,28 Days Later,0,0
41.214676,-13.221755,Sonic X,0,0
50.586388,16.92634,The A-Team,0,0
25.29457,-28.085909,John Swasey,0,0
50.962563,3.357282,Porco Rosso,0,0
6.4870768,47.49563,The Messenger,0,0
30.275972,19.679413,Angels & Demons,0,0
40.840603,3.9071708,Scary Movie,0,0
-15.395781,48.299362,Bird,0,0
10.40427,28.784327,She Hate Me,0,0
30.024542,60.84423,American Wedding,0,0
13.24112,46.033257,Ballet Shoes,0,0
11.4587965,66.92083,The Sea Inside,0,0
7.259459,35.779434,Syriana,0,0
14.770164,12.737935,Men in Black,0,0
-27.389551,33.978638,The Hustler,0,0
43.439327,-12.178918,Knuckles the Echidna,0,0
22.118494,-27.148106,Kath Soucie,0,0
-5.4172306,39.00695,Apollo 13,0,0
16.749302,40.308956,Motherland,0,0
-4.3342013,11.450735,Batman Returns,0,0
34.942253,-14.62351,Mobile Suit Gundam 00,0,0
23.940744,-21.96188,David Mich√¥d,0,0
-12.401708,34.70222,Blue Velvet,0,0
18.773941,-22.027641,Billy Crystal,0,0
-26.24633,28.620403,The Right Stuff,0,0
44.061913,53.48563,The Tourist,0,0
43.70843,16.425398,Get Smart,0,0
18.043365,16.908113,Interview with the Vampire,0,0
16.498167,11.899418,Alien: Resurrection,0,0
74.01978,31.064062,The Man with the Golden Gun,0,0
36.02434,-7.0895853,Street Fighter II: The Animated Movie,0,0
11.618332,54.380383,Silver Linings Playbook,0,0
46.846832,19.827168,"I Love You, Man",0,0
55.104435,3.012566,Final Destination,0,0
-17.390314,23.916939,Quadrophenia,0,0
36.46477,-15.654606,My-HiME,0,0
-31.970034,47.0232,Julia,0,0
29.959583,32.948895,Tron: Legacy,0,0
49.820007,54.086056,American Psycho,0,0
-23.02517,43.734703,"They Shoot Horses, Don't They?",0,0
-7.677988,75.537056,Kiss of the Spider Woman,0,0
-0.5299046,61.100006,Notes on a Scandal,0,0
-17.54173,39.74462,Goodfellas,0,0
7.767016,57.889736,Antichrist,0,0
-6.3579392,14.182255,Lady Sings the Blues,0,0
-4.09831,41.809803,L.A. Confidential,0,0
8.555401,2.2963395,Howard the Duck,0,0
-7.962824,-17.124285,Veer-Zaara,0,0
-21.85006,33.48312,Slaughterhouse-Five,0,0
15.902785,51.38287,Shattered Glass,0,0
12.971821,18.191042,Willow,0,0
35.806816,28.17036,Snatch,0,0
-29.804188,11.587429,The Third Man,0,0
-22.911274,50.47644,The Killing Fields,0,0
34.026665,27.053604,Role Models,0,0
-7.173673,35.093864,The Insider,0,0
13.566212,-20.94374,Ashley Tisdale,0,0
68.57923,25.520233,Die Another Day,0,0
26.745552,42.968266,The Wolfman,0,0
28.804958,22.015379,King Arthur,0,0
-45.556442,32.254845,Sunset Boulevard,0,0
19.80269,-29.973549,Clancy Brown,0,0
15.427286,0.117271565,Wyatt Earp,0,0
-16.18203,-6.5646267,Water,0,0
31.527168,24.113598,Fantastic Four,0,0
32.780273,6.079685,Heat,0,0
-15.805179,28.755903,Kundun,0,0
22.437418,18.872723,X-Men,0,0
37.34889,38.66487,Man of Steel,0,0
-25.397911,40.049828,The Godfather Part II,0,0
-24.166246,19.72886,Battle of Britain,0,0
-1.4941164,19.129438,Bram Stoker's Dracula,0,0
29.21503,-25.837591,Samuel Vincent,0,0
-4.0864215,28.287844,Groundhog Day,0,0
10.492062,16.348667,Star Wars Episode V: The Empire Strikes Back,0,0
3.8845804,61.88735,Crazy Heart,0,0
-29.473032,47.968662,Amadeus,0,0
52.273296,27.598497,Shanghai Knights,0,0
18.837029,48.478157,Rushmore,0,0
39.924713,7.956707,Charlie's Angels,0,0
-19.623806,20.705696,Do the Right Thing,0,0
-5.8645,1.389251,Superman II,0,0
-35.104416,39.85378,Love Story,0,0
45.622913,9.441693,The House Bunny,0,0
10.257532,8.349929,End of Days,0,0
16.109219,3.816082,Lady in the Water,0,0
43.95388,1.6183865,The Brothers Bloom,0,0
4.526746,47.865448,Little Children,0,0
-7.797038,38.515656,Master and Commander: The Far Side of the World,0,0
-10.383232,37.383167,Flags of Our Fathers,0,0
26.511269,63.65381,Borat: Cultural Learnings of America for Make Benefit Glorious Nation of Kazakhstan,0,0
33.22296,7.8377724,Runaway Jury,0,0
-13.034216,-44.063698,Canadian English,0,0
36.857803,22.630743,The Producers,0,0
4.480716,56.476147,Babe,0,0
24.099693,22.62143,Spider-Man,0,0
44.851425,13.262391,50 First Dates,0,0
-16.899069,51.352894,A Fish Called Wanda,0,0
57.353355,17.018896,Resident Evil: Afterlife,0,0
76.173355,24.398367,Dr. No,0,0
71.1646,30.935635,The Spy Who Loved Me,0,0
4.5693088,23.896889,Downfall,0,0
-24.255295,36.820354,Rosemary's Baby,0,0
-18.23134,59.756004,Life Is Beautiful,0,0
-28.800879,42.76639,Reds,0,0
-38.544388,38.239628,South Pacific,0,0
-17.10639,15.007185,Recount,0,0
-24.18428,45.23393,The Deer Hunter,0,0
16.670506,1.6002092,3000 Miles to Graceland,0,0
-34.43255,25.297758,Casablanca,0,0
3.3822136,29.243519,Dressed to Kill,0,0
-40.817856,32.983486,Gentleman's Agreement,0,0
2.8694115,59.218895,Walk the Line,0,0
20.546946,36.363396,Yellow Submarine,0,0
18.640606,-21.756468,Amy Poehler,0,0
-32.82474,33.575165,Equus,0,0
-14.272509,46.07044,Coal Miner's Daughter,0,0
15.010936,-26.970654,Angela Lansbury,0,0
-5.338272,67.69151,The Barbarian Invasions,0,0
-6.2584333,25.75683,Close Encounters of the Third Kind,0,0
-29.078411,59.412865,Black Robe,0,0
0.015855065,5.8043413,The Muppet Movie,0,0
72.29315,26.94573,Octopussy,0,0
36.43988,35.496002,The Amazing Spider-Man,0,0
-28.494799,31.395882,The Way We Were,0,0
-11.720905,54.957035,Finding Neverland,0,0
8.758899,16.627417,Terminator 2: Judgment Day,0,0
47.807728,38.735332,Toy Story 3,0,0
-6.854344,15.927022,The Wiz,0,0
-17.100649,44.010273,Hannah and Her Sisters,0,0
20.246483,35.714863,Charlie and the Chocolate Factory,0,0
14.378064,60.75475,Young Adam,0,0
17.160435,12.517814,Happy Feet,0,0
-37.064697,18.153255,Dial M for Murder,0,0
28.69467,44.43058,Savages,0,0
37.247013,12.935669,Astro Boy,0,0
42.223305,30.664398,Kill Bill Volume 2,0,0
-23.676395,35.023888,Romeo and Juliet,0,0
20.364546,-31.645626,Tom Kenny,0,0
12.550417,3.9749942,Shining Through,0,0
-4.763778,8.340436,Murder by Decree,0,0
8.983365,33.617477,The Big Lebowski,0,0
-1.6915662,34.19177,The Witches of Eastwick,0,0
22.621075,34.71493,Hereafter,0,0
15.998063,-25.07272,Liam Neeson,0,0
19.375416,-25.256084,J.K. Simmons,0,0
36.294346,40.410923,The Grudge,0,0
0.050413333,16.188637,Beauty and the Beast,0,0
-39.995052,29.303873,Mutiny on the Bounty,0,0
19.298948,32.10119,The Ring,0,0
27.432163,-28.719734,Hilary Haag,0,0
-14.315826,55.775177,A Room with a View,0,0
28.570559,48.229687,Great Expectations,0,0
5.7516203,65.6103,Carnage,0,0
-21.07761,40.661175,Tootsie,0,0
-3.602108,21.725492,Indiana Jones and the Raiders of the Lost Ark,0,0
-13.718724,-10.507869,The Namesake,0,0
-21.066227,-0.5760612,Hearts and Minds,0,0
2.0597787,24.231983,Bend It Like Beckham,0,0
42.84536,18.409002,Forgetting Sarah Marshall,0,0
-18.98842,3.239417,Willy Wonka & the Chocolate Factory,0,0
39.35268,19.8762,Night at the Museum: Battle of the Smithsonian,0,0
1.4926854,16.461393,Little Shop of Horrors,0,0
41.905197,35.014503,Kung Fu Panda 2,0,0
12.463992,51.51423,Up in the Air,0,0
41.5611,33.11953,Road Trip,0,0
-41.348873,46.822342,Giant,0,0
20.21527,1.7344006,Crossroads,0,0
19.80195,-2.1507475,I Spy,0,0
11.009635,66.24948,All About My Mother,0,0
10.498467,30.868109,De-Lovely,0,0
-3.5603886,25.63525,The Yards,0,0
48.259,38.73536,Toy Story,0,0
-1.3944536,50.39583,The Sweet Hereafter,0,0
22.191889,37.39296,Mr. & Mrs. Smith,0,0
18.107603,-23.261576,Debbie Reynolds,0,0
17.32456,11.765755,Planet of the Apes,0,0
12.327451,-1.9646446,Sliver,0,0
41.92214,22.943348,Tropic Thunder,0,0
-11.452571,51.56513,Dangerous Liaisons,0,0
27.47026,50.98366,2012,0,0
-12.055808,33.898483,The Straight Story,0,0
16.924831,81.561226,The Warlords,0,0
-11.903253,56.596066,Sense and Sensibility,0,0
15.104877,10.961462,Wild Wild West,0,0
11.620654,80.17598,A Better Tomorrow,0,0
14.957599,80.88276,A Simple Life,0,0
41.71118,15.098176,Anger Management,0,0
-36.466915,33.165146,A Star Is Born,0,0
64.46414,37.667576,Monty Python and the Holy Grail,0,0
-14.454183,55.205505,Howards End,0,0
-50.80578,31.533833,The African Queen,0,0
38.099518,42.455585,Chronicle,0,0
29.334566,55.887383,G.I. Joe: Retaliation,0,0
36.73439,4.9644322,TMNT,0,0
67.220795,28.951853,GoldenEye,0,0
42.30396,39.767284,The Cabin in the Woods,0,0
40.33423,21.931509,Burn After Reading,0,0
-41.74505,28.694649,Mrs. Miniver,0,0
4.1082478,49.02709,Crash,0,0
9.156874,53.95194,The Social Network,0,0
18.756113,68.573784,The Perks of Being a Wallflower,0,0
57.630768,17.574524,Resident Evil: Retribution,0,0
1.7322922,51.791027,Brokeback Mountain,0,0
6.9472575,21.44535,The Adventures of Baron Munchausen,0,0
40.728645,3.9600818,Scary Movie 2,0,0
9.227547,6.0659747,Die Hard,0,0
-7.238491,1.8946239,Superman III,0,0
38.944855,37.191963,Howl,0,0
17.126066,-25.645147,James Earl Jones,0,0
-11.59064,46.94507,Crazy in Alabama,0,0
-3.980514,62.031048,A Single Man,0,0
29.758959,71.35319,Cave of Forgotten Dreams,0,0
-18.264524,44.578495,Bullets over Broadway,0,0
28.90165,-29.470705,Chris Patton,0,0
-37.628506,17.686815,Vertigo,0,0
-34.06064,31.664047,Becket,0,0
32.29391,49.962814,Anonymous,0,0
16.647738,27.089691,Harry Potter and the Goblet of Fire,0,0
-45.89774,43.127678,Thoroughly Modern Millie,0,0
20.82731,10.956479,Meet Joe Black,0,0
-17.745739,-0.70018613,Why We Fight,0,0
-40.042507,40.910027,Love Is a Many-Splendored Thing,0,0
-11.039016,62.333775,Love Actually,0,0
11.0454445,82.27681,Detective Dee: Mystery of the Phantom Flame,0,0
0.5174543,53.0297,The Fighter,0,0
34.775917,21.538591,Killers,0,0
30.021252,60.780785,American Pie 2,0,0
-35.03674,46.71147,A Passage to India,0,0
32.51884,22.15,Smokin' Aces,0,0
-13.023305,23.939354,Orlando,0,0
-47.25209,33.75293,The Apartment,0,0
11.735058,61.37446,Beginners,0,0
-14.254445,65.0221,"The Adventures of Priscilla, Queen of the Desert",0,0
37.473175,-15.557099,RahXephon,0,0
-10.545802,15.145684,The Singing Detective,0,0
7.716547,57.65483,Melancholia,0,0
-40.468185,25.228138,The Caine Mutiny,0,0
10.663152,66.08722,Talk to Her,0,0
26.613415,-30.572725,Laura Bailey,0,0
40.831413,-0.26956555,Mobile Suit Gundam: Char's Counterattack,0,0
-15.328419,32.323948,The Good Shepherd,0,0
11.588316,24.02322,Spy Game,0,0
56.68833,10.377971,Howl's Moving Castle,0,0
-9.998537,44.494858,Mona Lisa,0,0
26.403028,3.6738355,The Simpsons Movie,0,0
51.78477,12.071075,Mean Girls,0,0
31.341722,52.38639,Let Me In,0,0
18.718418,-4.7634654,Stargate,0,0
37.716206,29.052078,The Santa Clause 2,0,0
2.9691226,29.89155,A Few Good Men,0,0
4.493242,83.292755,Red Cliff,0,0
-27.147722,45.698048,A Clockwork Orange,0,0
-36.101353,28.41933,The Lives of a Bengal Lancer,0,0
-13.0043335,49.225418,Lost in Translation,0,0
10.395635,-6.610503,Oscar,0,0
11.632261,15.90303,Star Wars Episode II: Attack of the Clones,0,0
31.433714,37.99631,The NeverEnding Story,0,0
-23.360394,47.931282,The Mission,0,0
55.039707,23.825842,Rush Hour 3,0,0
51.021793,7.138897,The Transformers: The Movie,0,0
24.949701,-30.349798,Ian James Corlett,0,0
45.52177,11.573789,Little Nicky,0,0
29.09929,9.498115,Spy Kids,0,0
-8.298574,13.058051,Merlin,0,0
24.21362,74.529495,Heartbeats,0,0
-5.790014,58.509083,Another Year,0,0
21.750257,-27.321924,Pamela Adlon,0,0
24.262009,-20.14154,Steven Blum,0,0
-13.44437,7.8220677,Sex and the City 2,0,0
11.918746,-7.5571876,Assassins,0,0
11.348669,-6.0365043,Cliffhanger,0,0
-3.0781124,51.462074,The Curious Case of Benjamin Button,0,0
70.97516,27.31707,The Living Daylights,0,0
13.568622,0.1337699,The Adventures of Ford Fairlane,0,0
18.746862,34.055107,Pirates of the Caribbean: Dead Man's Chest,0,0
47.47264,5.1894383,Sailor Moon Super S: The Movie,0,0
15.743458,5.0423865,The Happening,0,0
5.7223306,42.928078,Charlie Wilson's War,0,0
8.468356,62.103653,13 Assassins,0,0
-41.544483,42.833004,Sayonara,0,0
0.44772384,36.915237,Match Point,0,0
10.4665985,-9.591125,Rocky Balboa,0,0
-25.473011,51.800945,Guess Who's Coming to Dinner,0,0
-5.3199153,14.557996,The Mirror Has Two Faces,0,0
-4.285985,74.36252,(500) Days of Summer,0,0
-32.679096,22.36161,The Shining,0,0
-41.03886,29.432676,Ben-Hur,0,0
0.018985294,42.648373,Jackie Brown,0,0
-35.102287,54.229847,My Man Godfrey,0,0
-40.745342,33.229946,The Grapes of Wrath,0,0
-37.48125,31.547323,Citizen Kane,0,0
-26.060455,48.19289,The Last Emperor,0,0
-4.220145,7.49014,A Midsummer Night's Dream,0,0
15.612941,-23.988913,Christian Bale,0,0
33.64416,31.763832,Kiss Kiss Bang Bang,0,0
26.918001,33.202065,Green Zone,0,0
29.240952,27.772964,Beowulf,0,0
20.471956,25.30252,Constantine,0,0
22.034147,8.192607,Star Trek,0,0
-38.906254,32.8645,Guys and Dolls,0,0
25.305338,-21.600477,Liam O'Brien,0,0
33.59544,59.61514,The Lady,0,0
-45.996952,39.359802,Miracle on 34th Street,0,0
-6.0808563,61.886806,Elizabeth: The Golden Age,0,0
-28.4182,43.98965,The Dresser,0,0
9.296818,63.2406,The Motorcycle Diaries,0,0
41.34701,16.031841,Dinner for Schmucks,0,0
-3.986365,32.530052,All the King's Men,0,0
19.58583,38.82562,Jackass Number Two,0,0
-18.158356,38.156727,Cape Fear,0,0
-5.7453675,51.077457,Moulin Rouge!,0,0
-12.198866,10.456963,Band of Brothers,0,0
44.328735,38.663124,P.S. I Love You,0,0
-18.007862,34.02848,Once Upon a Time in America,0,0
47.68062,-10.200532,Goku,0,0
13.604709,6.2384024,Last Action Hero,0,0
18.14589,24.01181,Miami Vice,0,0
-42.77711,30.235056,Rebecca,0,0
-44.080975,33.47756,Breakfast at Tiffany's,0,0
35.18977,22.13686,Valentine's Day,0,0
40.00352,25.920835,Be Cool,0,0
46.084225,20.779438,Blades of Glory,0,0
0.8510224,70.48241,Monsoon Wedding,0,0
3.1341457,32.72078,The New World,0,0
-20.100311,36.055965,Cry Freedom,0,0
17.942703,-21.046068,Chris Rock,0,0
61.685116,31.232492,Blues Brothers 2000,0,0
40.092854,27.618961,Austin Powers: Goldmember,0,0
0.6636111,39.463604,The Man Who Wasn't There,0,0
18.648232,13.594335,The SpongeBob SquarePants Movie,0,0
-32.385036,39.105732,Chinatown,0,0
-5.1184716,48.209507,Gangs of New York,0,0
17.021572,29.393545,The Ugly Truth,0,0
13.130794,35.00955,Troy,0,0
-27.466042,39.450356,Apocalypse Now,0,0
17.057074,52.228043,Hairspray,0,0
-10.429946,-4.3376784,The Delta Force,0,0
-14.8806505,12.315272,Scrubs,0,0
-16.204578,44.17771,Alphabet of Murder,0,0
50.67583,8.240135,Mickey's Magical Christmas: Snowed in at the House of Mouse,0,0
14.599842,13.134276,The Cell,0,0
23.658989,30.589552,Where the Wild Things Are,0,0
-0.65988696,38.70837,Cinderella Man,0,0
33.914265,18.583075,Blow,0,0
54.928905,0.67490757,Batman: Gotham Knight,0,0
-24.778559,8.330634,The Cassandra Crossing,0,0
28.168474,-0.6408844,Star Trek IV: The Voyage Home,0,0
-6.215093,15.088913,Alice in Wonderland,0,0
25.694788,12.319546,Snow Falling on Cedars,0,0
35.14644,42.59073,On the Road,0,0
21.884464,-29.063387,Peter Cullen,0,0
20.443472,28.313156,Lara Croft Tomb Raider: The Cradle of Life,0,0
33.487522,59.831425,I Shot Andy Warhol,0,0
17.485733,19.170813,Jumper,0,0
-7.726517,49.846966,The Quiet American,0,0
17.687069,2.0007634,Saw VII,0,0
-47.125126,33.88151,Some Like It Hot,0,0
14.028439,12.070231,Men in Black II,0,0
-8.608828,51.645866,The Young Victoria,0,0
-43.482216,35.239124,The Greatest Show on Earth,0,0
34.034927,3.2170777,Live Free or Die Hard,0,0
18.727873,51.458836,Carrie,0,0
31.171515,32.607784,We Bought a Zoo,0,0
-18.22832,28.262672,The Legend of Bagger Vance,0,0
-6.2720203,-17.65597,My Name Is Khan,0,0
17.998001,61.881367,The House of Mirth,0,0
-31.923319,29.521564,The Quiet Man,0,0
31.467226,53.03757,Twilight,0,0
41.955845,27.462467,Wayne's World,0,0
44.425407,37.565483,Bernie,0,0
9.608322,59.89089,We Need to Talk About Kevin,0,0
35.4986,-0.11348419,Rambo,0,0
41.57094,43.85059,Bad Teacher,0,0
7.473597,27.815454,The Imaginarium of Doctor Parnassus,0,0
13.46274,18.4734,The Lost World: Jurassic Park,0,0
-3.4734075,58.84749,Made in Dagenham,0,0
-14.696938,11.963826,Good Morning America,0,0
6.1700473,19.408491,Hook,0,0
-6.9450426,1.174961,Superman IV: The Quest for Peace,0,0
-1.8193117,66.40516,Naked Lunch,0,0
-11.371008,29.246216,Easy Rider,0,0
14.938506,9.297073,Batman Forever,0,0
-7.24778,44.398296,The Contender,0,0
-51.04678,38.473915,All Quiet on the Western Front,0,0
-23.103374,25.083277,Little Women,0,0
-46.51193,36.572845,An American in Paris,0,0
-2.5580328,37.00546,Saving Private Ryan,0,0
10.716785,17.926376,Indiana Jones and the Temple of Doom,0,0
-21.261364,45.170326,Midnight Cowboy,0,0
45.649685,10.969234,Just Go With It,0,0
27.563822,54.81807,The Whistleblower,0,0
-5.0151863,4.4742823,Star Wars Holiday Special,0,0
35.007774,43.340813,Mr. Nobody,0,0
-7.104436,-4.457604,National Lampoon's Animal House,0,0
42.039116,-13.07835,Sonic the Hedgehog,0,0
34.076893,40.79408,The Bourne Legacy,0,0
31.09049,47.964657,The Hangover,0,0
16.024029,37.072678,The Sum of All Fears,0,0
44.84424,33.238743,Blade: Trinity,0,0
37.497986,29.133245,The Santa Clause 3: The Escape Clause,0,0
-9.349984,55.12777,Chocolat,0,0
7.6614017,60.498325,The Best Exotic Marigold Hotel,0,0
13.233164,-24.099154,Garry Chalk,0,0
-38.392323,17.19987,Saboteur,0,0
-11.751959,31.872066,Inland Empire,0,0
5.3174386,58.952713,Slumdog Millionaire,0,0
-37.020016,30.692396,Mildred Pierce,0,0
14.852767,52.983692,March of the Penguins,0,0
-26.31708,54.370136,Midnight Express,0,0
-21.466185,40.421223,The Grifters,0,0
17.024593,-32.095974,Jennifer Hale,0,0
7.5461273,11.68216,Enchanted,0,0
2.6911435,41.92538,Traffic,0,0
44.810383,25.41369,The Cable Guy,0,0
53.361294,5.5509357,Hercules,0,0
-16.671917,24.823338,Standing in the Shadows of Motown,0,0
38.07169,51.030975,Fast Food Nation,0,0
15.194264,12.343295,Anaconda,0,0
15.312892,-15.110805,Frank Marshall,0,0
-17.528122,46.86241,The French Lieutenant's Woman,0,0
16.817722,51.298157,Addams Family Values,0,0
-8.423707,58.818348,Pride & Prejudice,0,0
22.842377,-25.280638,David Kaye,0,0
9.926063,73.55222,Il Divo,0,0
-19.586803,32.114796,Alfie,0,0
21.311247,48.38008,Fantastic Mr. Fox,0,0
-29.81781,38.221493,Being There,0,0
-7.7898545,53.804077,The English Patient,0,0
47.818066,-3.2057185,Case Closed: The Phantom of Baker Street,0,0
-16.544188,47.60401,Schindler's List,0,0
-11.032894,46.891907,Short Cuts,0,0
31.49226,22.60985,Nick & Norah's Infinite Playlist,0,0
35.560387,-14.620419,Vampire Knight,0,0
17.515116,-26.949558,Michael Keaton,0,0
22.073715,-18.258799,Dave Wittenberg,0,0
3.4257634,3.1312501,Heaven's Gate,0,0
16.176832,18.238558,Alien vs. Predator,0,0
14.573642,24.912958,Minority Report,0,0
30.578613,23.2877,The Losers,0,0
31.424923,53.3704,The Twilight Saga: New Moon,0,0
37.77854,-13.412486,Digimon Adventure,0,0
3.72512,46.350662,"Synecdoche, New York",0,0
42.64017,-12.942588,Tails,0,0
-9.047418,58.274837,Anna Karenina,0,0
-0.35918945,55.633667,Babel,0,0
6.686327,62.788097,Life of Pi,0,0
2.864458,44.992207,Being John Malkovich,0,0
-20.54349,26.861937,Full Metal Jacket,0,0
0.1165067,51.40349,The Fabulous Baker Boys,0,0
-28.016172,41.661835,Dick Tracy,0,0
27.911638,35.11585,The Expendables 2,0,0
-8.862445,27.494276,"Merry Christmas, Mr. Lawrence",0,0
-4.104513,22.564274,Jaws,0,0
-7.797482,34.192566,Malcolm X,0,0
16.231428,8.036018,Hudson Hawk,0,0
-6.293986,48.027805,The End of the Affair,0,0
18.404173,70.144775,Election,0,0
-1.4840963,53.21426,The Departed,0,0
4.1957736,36.184933,Amistad,0,0
-44.650574,37.63674,The Heiress,0,0
-22.664343,34.604225,Hamlet,0,0
23.909702,22.66101,Spider-Man 2,0,0
9.775688,0.41177845,Tombstone,0,0
39.34916,17.483078,Madagascar: Escape 2 Africa,0,0
37.456955,42.124916,Hellboy,0,0
11.473708,37.932636,Ocean's Thirteen,0,0
48.1989,43.989307,Ice Age: Continental Drift,0,0
47.10243,55.92106,The Rules of Attraction,0,0
42.782524,11.355384,The Longest Yard,0,0
4.8244257,-3.4777007,Annie,0,0
5.404477,38.05022,Solitary Man,0,0
13.386013,21.95272,Top Gun,0,0
-8.772263,63.156273,About a Boy,0,0
-43.650944,31.024323,The Lost Weekend,0,0
1.1946036,9.085793,Flash Gordon,0,0
-0.37101126,25.683687,The Bourne Ultimatum,0,0
39.664463,23.853764,Youth in Revolt,0,0
21.244415,17.429882,Gattaca,0,0
12.697476,55.10903,Fish Tank,0,0
-26.494345,41.985897,Fame,0,0
35.687878,36.834232,Kick-Ass,0,0
0.8649074,19.130175,Alien,0,0
30.0348,-1.9742875,Star Trek: Insurrection,0,0
8.491023,52.25038,Moneyball,0,0
27.175953,-19.104216,Michael McConnohie,0,0
18.89026,-24.348076,Janeane Garofalo,0,0
-10.173036,40.967266,Cadillac Records,0,0
39.64476,9.054629,Charlie's Angels: Full Throttle,0,0
-6.573333,28.833456,Days of Thunder,0,0
14.199826,27.030655,Marie Antoinette,0,0
0.49217638,46.62165,Michael Clayton,0,0
40.11668,38.906292,Whip It,0,0
5.3104444,50.17012,The Blind Side,0,0
-14.003575,59.6012,Topsy Turvy,0,0
14.398751,-27.393732,Jonathan Winters,0,0
-26.732687,41.311314,The Conversation,0,0
-6.91121,-14.899726,Om Shanti Om,0,0
40.547974,-3.7616162,Naruto the Movie: Legend of the Stone of Gelel,0,0
43.817013,22.427217,Starsky & Hutch,0,0
-4.34814,57.706806,The Constant Gardener,0,0
-26.172045,2.0889125,The Prize,0,0
15.310351,58.428604,Cosmopolis,0,0
-49.435555,28.398352,The Cardinal,0,0
26.900362,63.283928,The Vow,0,0
-27.878304,16.193045,The Passion of the Christ,0,0
-23.080906,30.027737,Barry Lyndon,0,0
49.267994,38.634636,A Bug's Life,0,0
-4.9516172,4.569276,Frank Herbert's Dune,0,0
13.329427,-22.544924,Yui Horie,0,0
1.606012,-65.648476,Standard Chinese,0,0
-36.918346,35.59411,Who's Afraid of Virginia Woolf?,0,0
20.65766,28.522402,Lara Croft: Tomb Raider,0,0
13.778986,-25.849947,David Hemmings,0,0
39.21005,44.86741,Insidious,0,0
0.20905377,-7.514331,Australia,0,0
-7.6085806,42.68047,21 Grams,0,0
-17.662308,56.509884,The Crying Game,0,0
16.236492,-24.234911,Anne Hathaway,0,0
28.232735,54.298027,Restless,0,0
19.61729,70.027214,The Clearing,0,0
12.667864,58.48181,In America,0,0
73.060036,21.843182,Goldfinger,0,0
0.6857355,52.96693,The Master,0,0
15.879212,-22.988752,Shia LaBeouf,0,0
20.47956,9.014443,The Hunchback of Notre Dame,0,0
24.150808,6.5535264,Old Dogs,0,0
24.235388,9.256466,Catwoman,0,0
30.535881,11.217836,Grindhouse,0,0
-5.236243,-14.86763,I am Here,0,0
23.65921,30.451502,Conspiracy Theory,0,0
28.414663,14.455868,Jarhead,0,0
16.747435,-24.751465,Jason Lee,0,0
-10.263623,53.150276,The Portrait of a Lady,0,0
-11.124809,26.542385,Wag the Dog,0,0
-10.9216385,13.364055,Scarlett,0,0
-32.986843,35.27222,Ryan's Daughter,0,0
8.46713,70.72717,The White Ribbon,0,0
17.34645,14.250741,Bad Lieutenant: Port of Call New Orleans,0,0
30.800444,15.700934,World Trade Center,0,0
1.3321749,40.819923,Get Shorty,0,0
34.570824,19.078594,Vanilla Sky,0,0
-20.607811,41.45532,Rain Man,0,0
-37.996864,17.888186,The Man Who Knew Too Much,0,0
17.031588,-20.060917,Kristine Sutherland,0,0
44.86789,28.159218,There's Something About Mary,0,0
-28.408901,35.909744,The Turning Point,0,0
-37.540142,17.26305,Family Plot,0,0
-9.417738,55.22059,The History Boys,0,0
1.5035634,63.087643,Midnight in Paris,0,0
-10.152956,58.757057,Atonement,0,0
-18.797472,64.078064,The Kite Runner,0,0
-10.235865,50.188892,Hilary and Jackie,0,0
13.522501,50.62174,Get Low,0,0
-9.006104,32.62663,The Last of the Mohicans,0,0
5.7488904,18.595184,Back to the Future Part II,0,0
-16.759436,-1.1164333,The Aristocrats,0,0
-26.13523,40.56578,The Godfather,0,0
5.8613715,58.18157,Sideways,0,0
-16.687902,6.6116586,The Path to 9/11,0,0
25.238472,1.8045021,Popeye,0,0
-40.656918,23.471598,In Harm's Way,0,0
-16.949293,44.057793,The Purple Rose of Cairo,0,0
-6.47502,-0.5494615,Superman/Batman: Public Enemies,0,0
-5.2439165,15.528287,Piranha 3D,0,0
6.4492946,16.597843,King Kong,0,0
35.268963,36.234734,Remember the Titans,0,0
26.503588,-27.66599,Monica Rial,0,0
-7.7923474,56.374886,The Wings of the Dove,0,0
-25.214668,31.1545,Chariots of Fire,0,0
-15.678001,9.769765,Heroes,0,0
-35.60662,28.318419,The Treasure of the Sierra Madre,0,0
8.17512,41.233006,Wonder Boys,0,0
5.0786753,55.55027,Argo,0,0
23.05837,20.004108,Tarzan,0,0
-34.792038,28.639153,Anthony Adverse,0,0
-1.0371712,5.49961,High Anxiety,0,0
-31.675774,26.657333,War and Peace,0,0
39.803696,19.725698,The Muppets,0,0
2.7044728,38.58732,The Usual Suspects,0,0
-6.613756,-15.877999,Kuch Kuch Hota Hai,0,0
-2.3061154,35.258343,Road to Perdition,0,0
48.36177,44.19051,Ice Age,0,0
8.488404,47.218586,3:10 to Yuma,0,0
14.727844,-29.664474,Neil Ross,0,0
-11.08165,41.805218,Transamerica,0,0
23.970732,14.116152,Father of the Bride Part II,0,0
23.266066,46.850594,This Must Be the Place,0,0
2.3692575,6.496074,Dune,0,0
43.501907,20.549246,Talladega Nights: The Ballad of Ricky Bobby,0,0
-12.80408,40.15624,Primary Colors,0,0
5.489831,6.6044674,Speed,0,0
-14.445121,37.31946,Salvador,0,0
-42.987236,26.316883,Ninotchka,0,0
-4.3591766,48.877373,Hugo,0,0
57.66883,27.903358,The Animatrix,0,0
24.213163,-26.585075,Greg Ayres,0,0
-21.616585,42.89643,Bugsy,0,0
26.93875,24.122873,The Soloist,0,0
14.891777,-0.4145576,Robin Hood: Prince of Thieves,0,0
17.199095,-24.119999,Mena Suvari,0,0
43.34575,42.509144,Rise of the Guardians,0,0
15.476251,22.672487,"The Chronicles of Narnia: The Lion, the Witch and the Wardrobe",0,0
-3.4492445,49.272427,The Aviator,0,0
-22.866772,51.59,Ran,0,0
21.917067,9.698334,Transformers: Dark of the Moon,0,0
43.098347,36.49087,The Lorax,0,0
2.0998821,11.535465,Mulan,0,0
-29.208864,55.994095,The Shawshank Redemption,0,0
48.46268,23.052454,Meet the Parents,0,0
-10.423416,51.135822,The Madness of King George,0,0
45.419292,12.351434,Mr Deeds,0,0
-9.412782,15.343802,Tin Man,0,0
17.357716,-22.489788,Kristen Bell,0,0
30.214338,34.519844,V for Vendetta,0,0
7.0688047,31.455385,The Informant!,0,0
22.984701,-28.890234,Luci Christian,0,0
-2.408562,65.82342,The Fly,0,0
5.4545903,60.460163,Sexy Beast,0,0
12.541218,-25.405401,Matthew Lillard,0,0
-34.768486,58.456936,La Dolce Vita,0,0
19.416933,42.98247,American History X,0,0
-21.9323,32.010933,Sullivan's Travels,0,0
4.084476,32.40419,Eyes Wide Shut,0,0
42.344604,14.082701,You Don't Mess with the Zohan,0,0
-16.79032,37.18911,Born on the Fourth of July,0,0
6.504208,31.76617,Catch Me If You Can,0,0
49.048225,-5.090268,Fullmetal Alchemist the Movie: Conqueror of Shamballa,0,0
-5.73948,32.634537,The Hurricane,0,0
-12.671883,52.94537,Strictly Ballroom,0,0
32.304657,27.25698,The Gift,0,0
1.9279791,47.250862,I'm Not There,0,0
-16.808107,24.834644,Shine a Light,0,0
15.813737,45.600758,The Royal Tenenbaums,0,0
25.434584,-1.7367002,The Kingdom,0,0
2.3731148,48.11911,A History of Violence,0,0
-26.619688,37.332844,New York Stories,0,0
1.4871914,60.84549,Vicky Cristina Barcelona,0,0
11.648114,6.6167784,Book of Shadows: Blair Witch 2,0,0
12.184406,-5.9040275,Rambo: First Blood Part II,0,0
-10.307709,-15.028345,Rang De Basanti,0,0
-12.293139,22.469906,Manhattan,0,0
36.266502,23.333683,Courage Under Fire,0,0
-11.9920635,33.72341,Twin Peaks: Fire Walk With Me,0,0
-2.9446409,70.369804,Amour,0,0
-30.316599,44.774757,Cabaret,0,0
14.997433,-0.31349298,The Bodyguard,0,0
17.363659,43.276443,Shopgirl,0,0
1.6201671,42.71203,"Sex, Lies, and Videotape",0,0
-27.357405,45.467266,The French Connection,0,0
18.42499,36.8704,Wanted,0,0
11.153116,-6.955159,Over the Top,0,0
18.775335,31.028687,Air Force One,0,0
-43.33159,40.51142,The Longest Day,0,0
2.387948,13.604933,Blade Runner,0,0
2.843881,42.389935,Drugstore Cowboy,0,0
-32.813866,34.27281,Murder on the Orient Express,0,0
24.774702,20.270449,The Family Man,0,0
24.834146,40.941082,Let the Right One In,0,0
38.88752,15.709197,He's Just Not That Into You,0,0
-27.725822,37.991478,Pat Garrett and Billy the Kid,0,0
34.493607,53.4713,Mary and Max,0,0
-2.149197,56.3775,In the Bedroom,0,0
-28.371353,32.944084,Butch Cassidy and the Sundance Kid,0,0
40.80475,-5.938811,Bleach: The DiamondDust Rebellion,0,0
-23.240494,42.099113,Ordinary People,0,0
-3.9146397,47.785564,The Shipping News,0,0
18.580627,-23.530712,Cloris Leachman,0,0
37.121822,15.8726425,Secretariat,0,0
29.096441,9.341768,Spy Kids 3-D: Game Over,0,0
15.698537,-24.608782,Matt Damon,0,0
-27.99899,50.57996,Days of Heaven,0,0
-25.935623,49.488644,Tess,0,0
47.624477,25.89466,Alvin and the Chipmunks: The Squeakquel,0,0
-27.955214,40.31985,One Flew Over the Cuckoo's Nest,0,0
39.527267,13.87591,My Sister's Keeper,0,0
43.750446,48.3547,Bridesmaids,0,0
40.192856,26.5091,Austin Powers: The Spy Who Shagged Me,0,0
18.292028,4.546607,The Island of Dr. Moreau,0,0
5.889616,-0.2504639,Hannibal Rising,0,0
26.380644,46.873688,Rise of the Planet of the Apes,0,0
14.966974,51.76288,Napoleon Dynamite,0,0
45.457775,11.231797,Jack and Jill,0,0
-0.80912244,44.05488,Ghost World,0,0
57.411545,8.605406,Ponyo,0,0
5.5793514,13.84413,Mighty Joe Young,0,0
9.730898,25.932957,Johnny English Reborn,0,0
14.787228,54.417763,Rocco and His Brothers,0,0
25.6857,45.36806,Legend of the Guardians: The Owls of Ga'Hoole,0,0
27.188677,40.526352,13 Going on 30,0,0
45.944393,-10.762461,Bruce Wayne,0,0
73.99355,27.494291,On Her Majesty's Secret Service,0,0
-16.073767,13.494434,Angels in America,0,0
48.48061,28.470985,Van Helsing,0,0
18.235506,17.998018,Queen of the Damned,0,0
22.473352,-23.778328,Takahiro Sakurai,0,0
-4.7357984,55.110703,My Week with Marilyn,0,0
-39.82187,36.926174,The King and I,0,0
24.460888,-25.235155,Kaneto Shiozawa,0,0
38.363342,27.130636,Bruce Almighty,0,0
20.321028,-1.2177995,Imagine That,0,0
-7.645483,44.908764,The Crucible,0,0
19.677433,38.73385,Jackass 3D,0,0
-30.283033,40.87896,The Poseidon Adventure,0,0
-1.1966139,26.38868,Baraka,0,0
-17.196938,24.237505,Tommy,0,0
30.07958,5.4720926,Evolution,0,0
17.185497,28.84892,The Jacket,0,0
44.28148,10.622925,That's My Boy,0,0
-36.73536,44.533226,The Music Man,0,0
-33.946842,34.168686,Joan of Arc,0,0
18.111717,9.171506,Armageddon,0,0
-35.698444,43.57171,Doctor Zhivago,0,0
25.073044,-24.150085,Kirk Thornton,0,0
-1.4852161,40.77222,The Prestige,0,0
31.79686,34.66178,Requiem for a Dream,0,0
40.10571,-13.305833,Yu-Gi-Oh! Duel Monsters,0,0
37.879826,-4.342465,Naruto Shippuden the Movie: Bonds,0,0
-31.183825,17.603397,Das Boot,0,0
-2.4051042,35.707424,War Horse,0,0
21.145706,9.776189,The Rock,0,0
51.731457,-8.453473,Dragon Ball Z: Dead Zone,0,0
33.793205,45.322464,Final Destination 5,0,0
14.127949,76.024254,Curse of the Golden Flower,0,0
-28.529661,31.830212,The Sting,0,0
-14.469804,51.40708,Leaving Las Vegas,0,0
40.404427,49.355064,Limitless,0,0
10.569929,16.328777,Return of the Jedi,0,0
-41.44049,32.54527,Seven Brides for Seven Brothers,0,0
-16.029734,44.44749,Mighty Aphrodite,0,0
-11.130231,37.308456,Letters from Iwo Jima,0,0
-15.623645,14.875244,Masada,0,0
0.29893786,50.37105,You Can Count on Me,0,0
-13.077362,49.77977,Girl with a Pearl Earring,0,0
-39.050655,44.46389,The Bridge on the River Kwai,0,0
-36.431633,16.030167,Topaz,0,0
32.251926,69.242744,Senna,0,0
23.283052,-3.7740116,The U,0,0
23.012901,-32.348976,Christopher Sabat,0,0
48.269566,38.624138,Toy Story 2,0,0
56.1095,44.74202,15 Minutes,0,0
13.957797,18.297483,The Mask of Zorro,0,0
1.1160569,31.76222,The Other Boleyn Girl,0,0
19.729311,49.938652,Hyde Park on Hudson,0,0
40.306973,41.010315,To Rome with Love,0,0
32.867577,31.380552,Fear and Loathing in Las Vegas,0,0
25.113073,-30.255749,Colleen Clinkenbeard,0,0
16.324604,-25.975426,Keith David,0,0
22.664074,18.971165,X-Men 2,0,0
-7.709543,57.476,Elizabeth,0,0
21.648537,-21.98037,Charlie Adler,0,0
11.635738,20.343103,Red Tails,0,0
32.49102,16.711885,The Loss of a Teardrop Diamond,0,0
-0.8370928,-2.732707,High School Musical,0,0
38.078194,53.59118,The Devil's Double,0,0
-31.321945,43.168736,All That Jazz,0,0
6.685802,54.031796,Lars and the Real Girl,0,0
14.1563015,-23.64227,Jena Malone,0,0
15.096745,9.304947,Batman & Robin,0,0
-37.63195,36.360844,On the Waterfront,0,0
-5.9971,50.954502,Romeo + Juliet,0,0
-15.712018,37.90912,Platoon,0,0
73.91994,26.498377,Diamonds Are Forever,0,0
16.298555,16.18874,Any Given Sunday,0,0
52.000317,40.38332,The Incredibles,0,0
22.906242,-32.31486,Masako Nozawa,0,0
-0.9675772,30.363218,Primal Fear,0,0
32.857723,32.314255,The Colour of Magic,0,0
32.03667,20.241684,Glee: The 3D Concert Movie,0,0
15.866024,0.39134565,The Postman,0,0
15.999572,34.55212,State of Play,0,0
26.295141,25.0501,National Treasure: Book of Secrets,0,0
44.04901,20.501678,The Other Guys,0,0
16.732042,-23.333076,Gillian Anderson,0,0
15.57418,20.267803,The Sorcerer's Apprentice,0,0
48.45966,13.086715,Eclipse,0,0
44.423313,54.065838,Seeking a Friend for the End of the World,0,0
-6.000606,-0.2420296,Superman Returns,0,0
19.33745,-22.294533,Molly Shannon,0,0
39.9475,-6.6830134,Bleach: Memories of Nobody,0,0
-41.29445,37.01342,West Side Story,0,0
-0.93391657,43.684265,American Beauty,0,0
6.088865,16.19548,WarGames,0,0
44.36518,25.507488,Cheaper by the Dozen,0,0
19.610847,10.270125,300,0,0
2.4625294,17.465763,Robots,0,0
11.89727,13.366754,Indiana Jones and the Kingdom of the Crystal Skull,0,0
16.76493,0.12782638,Epic Movie,0,0
22.520742,-20.50102,Mona Marshall,0,0
-11.133996,56.650208,Trainspotting,0,0
21.33468,-8.009683,The Invasion,0,0
-0.65367365,13.883639,Pocahontas,0,0
15.180194,-26.199644,Lauren Bacall,0,0
-23.135483,43.30008,Out of Africa,0,0
-5.7907596,60.717434,The Duchess,0,0
18.410877,-27.42762,Edie McClurg,0,0
-2.495812,19.608114,A.I. Artificial Intelligence,0,0
10.48679,52.587154,Inglourious Basterds,0,0
-34.007942,31.453066,Anne of the Thousand Days,0,0
22.81578,54.899845,Good,0,0
34.071217,29.013216,Grease,0,0
28.166367,-0.65862,Star Trek V: The Final Frontier,0,0
-3.3891075,44.870018,Into the Wild,0,0
-47.658775,36.914993,Singin' in the Rain,0,0
46.86569,36.509216,Arthur Christmas,0,0
30.068747,47.293545,Babylon 5: The Gathering,0,0
40.80446,52.32392,Super,0,0
-3.6294153,37.923595,The Color Purple,0,0
11.937672,51.034336,Punch-Drunk Love,0,0
19.027678,19.465542,The Day After Tomorrow,0,0
49.56926,39.74689,Up,0,0
16.53571,-18.242527,Fred Tatasciore,0,0
-40.002674,34.090416,How Green Was My Valley,0,0
57.75211,6.2162657,My Neighbor Totoro,0,0
26.366306,14.911268,The Black Dahlia,0,0
30.785213,3.5357444,Ghostbusters II,0,0
23.08603,50.140232,Seven Psychopaths,0,0
27.142002,12.910772,Mumford,0,0
37.27497,-10.934925,Fist of the North Star,0,0
25.558882,26.465597,National Treasure,0,0
35.496193,-11.970098,Magical Girl Lyrical Nanoha,0,0
-7.86541,59.89703,Tinker Tailor Soldier Spy,0,0
26.130064,-23.058012,Wendee Lee,0,0
2.2789843,57.331352,Precious: Based on the Novel Push by Sapphire,0,0
-25.573439,33.827946,The Patriot,0,0
-28.396942,39.174603,Shortbus,0,0
23.36931,13.865883,The Pink Panther,0,0
-12.787782,40.189373,A Simple Plan,0,0
18.849585,-28.937279,Jess Harnell,0,0
15.535877,63.466225,A Prophet,0,0
9.426465,49.388622,The Lord of the Rings: The Two Towers,0,0
19.131924,30.973467,What Lies Beneath,0,0
-7.3077383,46.975502,Garden State,0,0
12.16543,62.40649,Tyrannosaur,0,0
1.4355446,49.67169,American Splendor,0,0
27.02316,-24.344883,Vic Mignogna,0,0
-20.098085,37.04257,The Last Picture Show,0,0
30.093494,5.512865,Management,0,0
-5.0704374,48.78956,In the Name of the Father,0,0
27.53858,27.3718,The Newton Boys,0,0
12.077006,62.04228,The Iron Lady,0,0
40.922337,55.57521,Iron Sky,0,0
-11.189171,10.537536,Wonder Woman,0,0
-7.899848,14.682245,The Civil War,0,0
1.0006906,55.325024,Gone Baby Gone,0,0
23.724825,24.7843,Cirque du Freak: The Vampire's Assistant,0,0
37.667828,59.73318,Battle Royale,0,0
-20.334307,57.719673,Il Postino: The Postman,0,0
29.161076,37.590916,Pirates of the Caribbean: On Stranger Tides,0,0
-9.034769,45.259262,Lincoln,0,0
14.144894,15.796464,Along Came a Spider,0,0
16.579306,-27.286488,Cary Elwes,0,0
41.462055,36.574783,Madagascar 3: Europe's Most Wanted,0,0
-8.451575,2.4708211,Flashdance,0,0
-13.756162,42.8418,United 93,0,0
-24.449903,57.803196,Z,0,0
20.086372,23.244303,Rules of Engagement,0,0
-38.08749,27.392437,The Pride of the Yankees,0,0
12.752049,8.963806,From Dusk till Dawn,0,0
25.258535,23.426819,Invincible,0,0
-11.69297,49.17287,Affliction,0,0
38.01619,2.2609746,Scream 3,0,0
7.842858,35.171513,The Men Who Stare at Goats,0,0
-17.202702,36.261837,Scrooged,0,0
13.635151,36.65291,The Missing,0,0
13.894478,84.030556,Infernal Affairs III,0,0
20.054497,-16.423168,Cam Clarke,0,0
13.610428,-21.138247,Brittany Snow,0,0
-3.6147294,7.0065737,Love Affair,0,0
24.962738,35.3988,Kill Bill Volume 1,0,0
13.3661,19.463593,Patch Adams,0,0
33.907978,47.82441,Bel Ami,0,0
-42.211346,27.036407,Battleground,0,0
12.269809,-6.7245617,Rambo III,0,0
-25.27963,51.780075,The Lion in Winter,0,0
42.474823,34.89949,How to Train Your Dragon,0,0
20.487503,-28.521729,Frank Welker,0,0
32.193104,30.680601,The Scorpion King,0,0
-35.19136,37.119026,Spartacus,0,0
6.0764875,56.224926,Zero Dark Thirty,0,0
-23.497234,55.29596,Atlantic City,0,0
33.048843,-1.1432782,Timeline,0,0
70.65773,23.655188,Licence to Kill,0,0
-36.42264,44.449516,Lawrence of Arabia,0,0
-4.6130996,12.447771,Edward Scissorhands,0,0
-37.66228,17.326239,The Trouble with Harry,0,0
-5.7050414,47.36671,My Left Foot,0,0
29.716341,5.8107824,Small Soldiers,0,0
16.244669,50.206318,"Girl, Interrupted",0,0
37.69123,25.090107,Nutty Professor II: The Klumps,0,0
12.500703,-27.132963,Stephanie Morgenstern,0,0
27.89231,45.37588,Cloud Atlas,0,0
27.86002,11.234623,Cats & Dogs,0,0
26.715385,-25.920553,Shin-ichiro Miki,0,0
30.384592,34.350723,Super 8,0,0
15.332463,-0.0810772,Waterworld,0,0
1.2538532,44.67348,Donnie Darko,0,0
-1.2472765,58.592205,An Education,0,0
-19.431656,44.790592,Terms of Endearment,0,0
37.174667,23.221443,Analyze This,0,0
-30.26042,41.036785,Network,0,0
12.97759,83.36762,Infernal Affairs,0,0
-41.77982,34.125732,How the West Was Won,0,0
-3.8134186,18.817657,Sleepy Hollow,0,0
12.164049,32.428715,W.,0,0
4.755845,15.683275,The Hitchhiker's Guide to the Galaxy,0,0
-1.6114151,54.17661,The Queen,0,0
16.627964,-24.808569,Anna Paquin,0,0
52.19278,29.490828,Shanghai Noon,0,0
31.526367,26.984064,Transformers,0,0
9.254205,13.210667,Avatar,0,0
51.04567,-3.040391,Appleseed Ex Machina,0,0
11.658171,41.190174,Fair Game,0,0
-28.296726,26.728382,The Glenn Miller Story,0,0
44.874435,28.659569,Dumb and Dumber,0,0
21.99915,21.442886,Real Steel,0,0
-45.331337,28.049805,The Gay Divorcee,0,0
37.98699,35.401405,ParaNorman,0,0
-11.748978,7.46314,Gia,0,0
11.825068,44.860275,High Fidelity,0,0
-9.544398,18.600481,K-19: The Widowmaker,0,0
19.098398,-23.60034,Blythe Danner,0,0
9.438301,12.731517,Can't Stop the Music,0,0
38.34272,20.285828,Shrek Forever After,0,0
45.039726,39.46187,Tangled,0,0
-9.096719,30.092085,Nine Lives,0,0
-5.9771204,48.93268,Evita,0,0
20.259464,-1.1226095,Norbit,0,0
71.81379,26.849936,A View to a Kill,0,0
-13.641149,27.730219,Jesus Christ Superstar,0,0
20.203522,-1.6288179,Showtime,0,0
-17.08731,14.464625,The Life and Death of Peter Sellers,0,0
47.67606,26.22447,Alvin and the Chipmunks: Chipwrecked,0,0
53.135452,21.418953,The Mummy Returns,0,0
10.03644,51.106007,Django Unchained,0,0
28.249147,-0.6913863,Star Trek II: The Wrath of Khan,0,0
11.515713,34.44243,Face/Off,0,0
24.03095,8.9738655,House of Wax,0,0
40.362717,33.682056,Wallace & Gromit: The Curse of the Were-Rabbit,0,0
30.222147,44.561043,I Love You Phillip Morris,0,0
-10.7314415,46.382187,Mrs. Parker and the Vicious Circle,0,0
16.042856,26.888464,A Christmas Carol,0,0
6.5853853,34.71742,The Human Stain,0,0
-1.6400734,43.825775,Margin Call,0,0
-3.7112944,17.043636,Corpse Bride,0,0
-40.704662,29.261845,Quo Vadis,0,0
41.65982,17.469118,Get Him to the Greek,0,0
52.747997,24.559973,Rush Hour,0,0
-3.2887988,48.111725,Cold Mountain,0,0
14.314343,1.9347483,The Scarlet Letter,0,0
48.462345,13.375112,Liquid Metal,0,0
12.238799,49.24483,In the Loop,0,0
-20.594963,33.3501,Twelfth Night: Or What You Will,0,0
3.905745,21.512455,Valkyrie,0,0
-2.8632653,39.441444,Ray,0,0
15.558778,22.65818,The Chronicles of Narnia: Prince Caspian,0,0
-15.11061,54.02588,Shadowlands,0,0
-27.367136,38.918156,The Rose,0,0
18.362791,26.105316,The Phantom,0,0
-12.036482,21.255756,Orange County,0,0
-3.7950125,54.141193,Quills,0,0
10.124739,14.327956,Rango,0,0
37.54812,24.851065,The Nutty Professor,0,0
-25.215683,42.152855,Unforgiven,0,0
-6.3406115,35.401756,Beloved,0,0
10.880878,59.306747,Eternal Sunshine of the Spotless Mind,0,0
18.663786,-21.931257,Tina Fey,0,0
8.465127,2.3575258,Spice World,0,0
-3.3645823,49.440838,"Greystoke: The Legend of Tarzan, Lord of the Apes",0,0
23.783415,-4.1425414,Sucker Punch,0,0
26.235367,4.5030465,The Smurfs,0,0
23.261606,-23.36647,Faye Lansing,0,0
39.500504,29.597507,Hellboy II: The Golden Army,0,0
57.406517,36.976135,Fast Five,0,0
-10.740214,59.033783,The Last Station,0,0
7.798356,19.900839,The Adventures of Tintin: The Secret of the Unicorn,0,0
17.648235,6.272702,The Ghost and the Darkness,0,0
29.074738,11.009663,The Faculty,0,0
16.352348,31.76889,Robin Hood,0,0
17.087997,-23.866964,Dakota Fanning,0,0
-14.820334,54.579872,The Remains of the Day,0,0
-25.742994,39.469368,The Godfather Part III,0,0
17.357822,26.970736,Harry Potter and the Prisoner of Azkaban,0,0
-12.626042,14.032512,Gulliver's Travels,0,0
-6.0844326,1.25565,Superman II: The Richard Donner Cut,0,0
49.042435,20.52669,Night at the Museum,0,0
-39.964592,32.68323,The Best Years of Our Lives,0,0
41.44439,16.638184,Date Night,0,0
-5.935415,39.878677,J. Edgar,0,0
-19.27909,42.634663,Working Girl,0,0
19.453148,-26.148409,Bryan Cranston,0,0
5.1403713,18.406334,Who Framed Roger Rabbit,0,0
-4.7797246,12.799929,Ed Wood,0,0
-39.76069,31.40646,The Philadelphia Story,0,0
4.422241,69.35499,Thirteen,0,0
16.89735,26.757923,Harry Potter and the Order of the Phoenix,0,0
47.1935,12.013034,Deuce Bigalow: European Gigolo,0,0
47.221054,3.2217557,Sailor Moon R the Movie: Promise of the Rose,0,0
55.868927,33.83762,The Fast and the Furious: Tokyo Drift,0,0
-25.892818,25.422066,Catch-22,0,0
8.146794,41.341908,Almost Famous,0,0
-7.6767936,48.77821,Mansfield Park,0,0
-23.673225,15.276732,2001: A Space Odyssey,0,0
17.307997,73.89241,Election 2,0,0
22.308565,63.22751,Jane Eyre,0,0
-14.176603,7.5372367,Girls,0,0
20.897663,3.5536277,Land of the Lost,0,0
14.032353,-17.55467,Kathleen Barr,0,0
28.33357,66.49183,All About Steve,0,0
46.709282,47.849102,The Green Hornet,0,0
-37.401775,31.233572,Peyton Place,0,0
0.2148115,48.290405,As Good as It Gets,0,0
-5.468488,37.452923,The Green Mile,0,0
57.599205,34.75885,2 Fast 2 Furious,0,0
17.52703,26.773157,Harry Potter and the Chamber of Secrets,0,0
20.658785,14.466082,Daredevil,0,0
34.80758,22.651659,Marmaduke,0,0
-37.69826,25.20136,High Noon,0,0
-10.960154,22.02498,Centurion,0,0
43.68483,51.745964,Resident Evil,0,0
24.16116,32.841465,Vanity Fair,0,0
-13.782832,72.65856,The Commitments,0,0
40.228844,4.225551,Scary Movie 3,0,0
17.733532,54.4167,The Notebook,0,0
-6.4959455,47.949154,Michael Collins,0,0
-1.5541297,47.912014,Being Julia,0,0
29.456415,-1.335601,Star Trek VI: The Undiscovered Country,0,0
5.1819086,44.981415,Boogie Nights,0,0
-11.547578,45.243908,Dancer in the Dark,0,0
-20.908457,51.062115,Gallipoli,0,0
-9.33407,35.13003,Dead Poets Society,0,0
-1.9959589,41.765198,"Lock, Stock and Two Smoking Barrels",0,0
-17.105268,36.98022,JFK,0,0
-41.542496,35.642704,A Place in the Sun,0,0
47.05444,40.991196,Tinker Bell: Secret of the Wings,0,0
-39.53966,39.374935,The Diary of Anne Frank,0,0
-0.7006167,11.671383,The Little Mermaid,0,0
-21.419174,36.283527,A Bridge Too Far,0,0
32.990932,37.151695,Sherlock Holmes: A Game of Shadows,0,0
28.633986,-22.821173,Dan Green,0,0
15.396199,14.775222,Monster House,0,0
34.82125,33.093307,Hulk,0,0
41.1033,46.439537,Total Recall,0,0
-38.451828,34.717896,My Fair Lady,0,0
-15.130092,12.925773,Lonesome Dove,0,0
6.212591,5.365221,Speed 2: Cruise Control,0,0
30.708462,24.178028,Bicentennial Man,0,0
-37.80141,28.434732,Sergeant York,0,0
23.40664,25.666681,Shutter Island,0,0
-15.788449,24.4753,Leonard Cohen: I'm Your Man,0,0
0.8310524,51.45217,True Grit,0,0
6.9767203,45.07628,Cookie's Fortune,0,0
12.506445,-1.2446995,Bolero,0,0
27.906363,35.07457,The Expendables,0,0
19.617945,17.745476,Ghost Rider,0,0
46.386806,30.563,Yes Man,0,0
-13.3742075,9.14177,The X-Files,0,0
2.3864632,41.948147,Erin Brockovich,0,0
24.90204,-28.717323,Kenichi Ogata,0,0
-10.729756,66.171036,Dirty Pretty Things,0,0
0.824508,28.998373,The Name of the Rose,0,0
32.181145,43.647923,Home Alone,0,0
28.410753,56.159267,Elite Squad: The Enemy Within,0,0
17.452908,-26.983782,Timothy Dalton,0,0
28.397282,46.664772,Friends with Benefits,0,0
61.612206,31.249334,The Blues Brothers,0,0
22.166784,23.750856,Sky Captain and the World of Tomorrow,0,0
1.3434497,21.741274,Legend,0,0
24.75266,35.569904,Wall Street,0,0
-28.099354,20.689114,Blazing Saddles,0,0
6.318751,83.8637,In the Mood for Love,0,0
-40.127106,35.697178,Funny Girl,0,0
7.4477987,57.75169,The Ides of March,0,0
19.090607,39.356335,Jackass: The Movie,0,0
-37.948055,16.487797,The Birds,0,0
-21.444096,42.91927,Thelma & Louise,0,0
42.273785,60.573334,The City of Lost Children,0,0
36.155846,14.225733,It,0,0
-36.279205,35.271423,The Spy Who Came in from the Cold,0,0
-36.735935,38.089073,Tom Jones,0,0
10.000139,43.11665,The Interpreter,0,0
8.04804,43.54967,Velvet Goldmine,0,0
35.447853,47.071243,Dredd,0,0
-26.029196,35.911095,The Cotton Club,0,0
24.613333,-9.023138,Dogville,0,0
-6.6763177,64.87188,La Vie en rose,0,0
-40.672493,36.027573,The Sound of Music,0,0
31.563738,31.167858,Larry Crowne,0,0
-38.2854,31.037842,It Happened One Night,0,0
4.9994855,58.97311,127 Hours,0,0
8.166562,16.368237,Aliens,0,0
1.4507571,26.670801,The Bourne Supremacy,0,0
1.634219,65.89975,The Station Agent,0,0
20.349422,-1.1752579,The Adventures of Pluto Nash,0,0
39.72912,64.71648,Ulysses' Gaze,0,0
15.788145,-20.81373,Cheech Marin,0,0
56.91135,16.103453,Resident Evil: Extinction,0,0
-0.7824734,54.20908,Little Miss Sunshine,0,0
34.375008,56.14198,National Security,0,0
-1.6344616,66.58336,Barton Fink,0,0
-47.995712,29.749039,Laura,0,0
4.166512,64.65347,The Diving Bell and the Butterfly,0,0
46.097946,-3.6465864,Evangelion 1.11: You Are (Not) Alone,0,0
20.114136,35.570545,Sweeney Todd: The Demon Barber of Fleet Street,0,0
-39.949585,35.918236,"Hello, Dolly!",0,0
31.11315,30.377642,Galaxy Quest,0,0
3.2753665,33.800648,The Lovely Bones,0,0
-7.7165265,8.662729,This Is Spinal Tap,0,0
-15.143687,31.45973,A League of Their Own,0,0
37.294632,-16.448767,Magic Knight Rayearth,0,0
-46.340366,36.46675,Gigi,0,0
27.67686,28.42378,The Goonies,0,0
18.978922,34.536568,Pirates of the Caribbean: The Curse of the Black Pearl,0,0
-8.217495,68.58563,Invictus,0,0
17.751955,10.201763,Unstoppable,0,0
5.418965,10.330503,Cannonball Run II,0,0
-6.673293,21.888748,Snow White and the Seven Dwarfs,0,0
13.723811,35.387836,Six Degrees of Separation,0,0
-35.079144,36.108643,Pillow Talk,0,0
4.9396667,17.636652,Some Kind of Monster,0,0
-8.274094,12.906403,The Women of Brewster Place,0,0
39.760452,33.135086,Shrek,0,0
-2.496104,14.375961,The Lion King,0,0
4.211182,51.426956,The Sessions,0,0
-19.339012,54.41741,The Fugitive,0,0
-31.920149,39.76295,On Golden Pond,0,0
-7.364327,-16.134703,Dilwale Dulhania Le Jayenge,0,0
-2.5751722,47.170597,City of Angels,0,0
37.00806,47.82654,Taken 2,0,0
33.09069,30.512917,The Proposal,0,0
17.787584,27.919075,From Hell,0,0
26.529678,6.2672215,I Don't Know How She Does It,0,0
49.30532,12.804165,Adventureland,0,0
35.78015,35.72066,Iron Man 2,0,0
-30.770397,32.344513,Heaven Can Wait,0,0
37.83374,18.906834,Paul,0,0
17.552181,79.93106,Bodyguards and Assassins,0,0
8.984436,10.351704,Brotherhood of the Wolf,0,0
10.181418,-8.501851,Rocky,0,0
31.88825,36.386654,Flight,0,0
24.700968,43.42962,Saw,0,0
26.256514,31.563145,The Mummy,0,0
-42.901836,36.159546,The Ten Commandments,0,0
24.977512,60.485645,End of Watch,0,0
18.474161,56.960453,Albert Nobbs,0,0
18.342197,39.835743,Carry On,0,0
21.482172,3.2517054,Evan Almighty,0,0
-8.122955,-15.147856,Jodhaa Akbar,0,0
-20.78518,39.497246,The King of Comedy,0,0
34.68356,-14.111504,Mobile Suit Gundam SEED Destiny,0,0
18.25714,-30.543001,Kevin Michael Richardson,0,0
27.918669,6.8559237,Lost in Space,0,0
36.375607,44.445927,The Bourne Identity,0,0
30.020634,60.871315,American Reunion,0,0
11.697142,52.641884,Moonrise Kingdom,0,0
32.83006,23.023254,Horrible Bosses,0,0
-12.367971,57.24421,Henry V,0,0
41.421547,20.958298,Stranger than Fiction,0,0
5.566703,45.219013,Magnolia,0,0
10.060936,35.459526,The Boat That Rocked,0,0
-17.24625,13.14785,Grey Gardens,0,0
0.44840807,32.511726,Zodiac,0,0
-6.298908,41.498123,District 9,0,0
-41.222755,39.248383,The Song of Bernadette,0,0
-12.904961,56.10545,Secrets & Lies,0,0
14.081002,-25.00364,Mark Strong,0,0
-39.230312,35.387653,Cleopatra,0,0
14.022856,43.21084,Dead Man,0,0
-31.009695,32.345493,The Graduate,0,0
-1.8897557,29.726086,Pretty Woman,0,0
33.28306,17.775646,The Chronicles of Narnia: The Voyage of the Dawn Treader,0,0
-41.111584,35.122814,All About Eve,0,0
-16.53679,0.48910058,Bowling for Columbine,0,0
19.008272,15.334833,Chasing Amy,0,0
21.26012,12.689673,Maid in Manhattan,0,0
-25.751528,22.617088,The Manchurian Candidate,0,0
1.7677945,54.924366,Before the Devil Knows You're Dead,0,0
-4.4317236,35.552876,Cast Away,0,0
-7.8085575,4.3122463,"It's a Mad, Mad, Mad, Mad World",0,0
-42.59337,34.503387,Judgment at Nuremberg,0,0
11.569953,10.964677,I Am Legend,0,0
30.253689,58.838417,Please Give,0,0
45.335297,10.109283,Happy Gilmore,0,0
41.775658,19.5506,The 40-Year-Old Virgin,0,0
5.361386,29.439219,Natural Born Killers,0,0
21.89031,21.33148,The Book of Eli,0,0
-12.858745,39.88137,The Birdcage,0,0
32.61354,29.250017,Clash of the Titans,0,0
11.759358,16.2725,Star Wars Episode III: Revenge of the Sith,0,0
50.99073,3.695944,Recess: School's Out,0,0
48.453274,34.901466,The Princess and the Frog,0,0
18.349749,11.285097,The Haunting,0,0
-2.8214347,55.23901,Billy Elliot,0,0
-45.335827,28.0371,Top Hat,0,0
71.646996,26.07074,Thunderball,0,0
31.72277,45.099155,Dark Shadows,0,0
30.16177,28.18141,The Polar Express,0,0
26.604643,21.255692,Red Dragon,0,0
-1.5441196,66.908264,Husbands and Wives,0,0
-19.752424,51.72332,Witness,0,0
38.690784,-15.9066515,The Super Dimension Fortress Macross,0,0
32.61371,15.147043,When in Rome,0,0
-0.068193905,41.81004,Out of Sight,0,0
9.763853,56.551685,Drive,0,0
18.724098,12.121763,The Wicker Man,0,0
18.3451,-20.6395,Andy Richter,0,0
48.874653,44.54616,Ice Age: Dawn of the Dinosaurs,0,0
-10.299339,49.116825,The Devil Wears Prada,0,0
-11.418928,31.708994,Wild at Heart,0,0
14.80687,-25.292915,Elliott Gould,0,0
-2.661766,60.624172,Nine,0,0
-28.50126,30.898302,Yentl,0,0
14.552495,49.217693,Ned Kelly,0,0
24.457874,38.480293,Cruel Intentions,0,0
4.8617134,33.345783,Angela's Ashes,0,0
42.726707,24.829617,Wedding Crashers,0,0
-12.720563,11.231352,The Stand,0,0
40.740685,48.610153,Contraband,0,0
-2.491764,37.876957,The Truman Show,0,0
28.68184,31.159845,Eagle Eye,0,0
-1.8197948,45.98911,Coach Carter,0,0
-15.748217,34.056545,Mary Shelley's Frankenstein,0,0
-15.7844715,0.57055795,An Inconvenient Truth,0,0
-39.97056,37.420288,The Robe,0,0
-7.4683905,-13.304831,3 idiots,0,0
16.264818,-28.497774,Harold Gould,0,0
20.317837,55.32693,Swimming Upstream,0,0
19.126558,15.23166,Dogma,0,0
38.39405,-15.735364,Chrono Crusade,0,0
-37.289547,41.044685,Airport,0,0
-14.401337,14.316742,Bury My Heart at Wounded Knee,0,0
44.047626,22.164835,Along Came Polly,0,0
-8.414201,56.976543,Mrs Brown,0,0
44.348312,10.655547,Big Daddy,0,0
11.290187,57.464447,Shame,0,0
10.092267,56.07641,Beasts of the Southern Wild,0,0
13.247081,0.5635437,I Know Who Killed Me,0,0
33.098785,25.456112,24: Redemption,0,0
-22.906397,38.113316,The Goodbye Girl,0,0
5.905939,45.50174,An Ideal Husband,0,0
33.124672,18.354755,Captain Corelli's Mandolin,0,0
-17.433239,14.997731,Game Change,0,0
38.540306,40.48725,Signs,0,0
-7.6102314,42.60454,Mystic River,0,0
11.061567,-6.204498,Lock Up,0,0
15.739663,13.415207,30 Days of Night,0,0
57.63214,35.31442,The Fast and the Furious,0,0
-38.16524,35.70016,A Streetcar Named Desire,0,0
11.637061,-6.9779205,Judge Dredd,0,0
29.826628,31.01747,Cowboys & Aliens,0,0
-18.155132,73.0751,Oscar and Lucinda,0,0
-38.445225,32.77048,Mary Poppins,0,0
51.846764,2.326947,Kiki's Delivery Service,0,0
19.614227,21.67678,Shaun of the Dead,0,0
-0.9250097,40.242992,Pleasantville,0,0
-31.882782,32.36025,The Nun's Story,0,0
-8.390332,24.23279,Empire of the Sun,0,0
16.277609,-26.587172,Tim Curry,0,0
-25.086962,37.785027,Anatomy of a Murder,0,0
11.639599,55.86049,Skyfall,0,0
42.232487,11.997042,Bedtime Stories,0,0
14.014355,25.023941,The Firm,0,0
49.19365,44.830948,Holes,0,0
40.254845,43.42574,Jack Reacher,0,0
16.474237,60.19079,The Great Gatsby,0,0
-3.6017795,32.021408,Terror in the Aisles,0,0
-24.983654,51.797012,Oliver!,0,0
7.8023505,14.495109,The Terminator,0,0
34.149914,46.383293,The Butterfly Effect,0,0
29.448519,38.486805,Lost Highway,0,0
56.332153,29.071499,The Matrix Revolutions,0,0
30.02453,60.6768,American Pie,0,0
14.229543,-27.766685,Sterling Holloway,0,0
17.32551,69.95234,About Schmidt,0,0
9.38774,49.416252,The Lord of the Rings: The Fellowship of the Ring,0,0
30.494965,4.258115,Heavy Metal,0,0
14.59732,11.132954,Twister,0,0
29.92183,-1.8540906,Star Trek: First Contact,0,0
38.92334,33.384697,16 Blocks,0,0
6.4952397,58.182865,The Descendants,0,0
-33.317066,27.316135,Mr. Smith Goes to Washington,0,0
9.936431,35.92405,The Assassination of Jesse James by the Coward Robert Ford,0,0
25.391302,46.319378,Piranha 3DD,0,0
36.63808,34.51119,The Spiderwick Chronicles,0,0
6.843298,25.334072,Celebrity,0,0
24.565985,-18.265142,Tabitha St. Germain,0,0
40.191177,4.272424,Scary Movie 4,0,0
41.87808,42.621002,Puss in Boots,0,0
48.38944,39.35883,WALL-E,0,0
20.525679,-19.592918,Crispin Freeman,0,0
18.686897,-26.785204,Russi Taylor,0,0
41.47934,23.278242,Rent,0,0
30.998331,31.52244,Dirty Dancing,0,0
18.366337,-12.291714,Michael Dobson,0,0
45.58495,11.865039,Bucky Larson: Born to Be a Star,0,0
17.109865,-28.400358,Brad Garrett,0,0
-26.128138,34.35762,Exodus,0,0
32.73043,47.726517,Coriolanus,0,0
29.907465,40.804356,The Messenger: The Story of Joan of Arc,0,0
19.017332,-30.895107,Billy West,0,0
-16.641605,13.647895,Elizabeth I,0,0
-22.984911,48.2983,Hope and Glory,0,0
34.995346,34.791656,Iron Man 3,0,0
26.683435,49.803192,Jonah Hex,0,0
12.954409,3.8636281,Basic Instinct,0,0
0.44231662,37.37348,Collateral,0,0
-5.7825127,-18.234426,Shah Rukh Khan,0,0
39.966583,29.087317,Fight Club,0,0
56.779884,16.090122,Resident Evil: Apocalypse,0,0
38.69247,35.115532,Winnie the Pooh,0,0
17.581102,-24.736116,Edward James Olmos,0,0
47.27642,39.584457,"Monsters, Inc.",0,0
-2.8653011,43.433186,The Squid and the Whale,0,0
34.367023,21.269358,Life as We Know It,0,0
-16.093359,-6.3592324,Mortal Kombat: Annihilation,0,0
35.525818,-3.449063,Final Fantasy VII: Advent Children,0,0
20.676971,-25.024475,John DiMaggio,0,0
-12.635099,22.342876,Nashville,0,0
30.902742,51.66688,Priest,0,0
42.5922,11.102028,The Dukes of Hazzard,0,0
8.350459,67.4424,The Others,0,0
19.369886,7.803809,The Road,0,0
25.797525,15.297739,Scooby-Doo,0,0
1.7386869,52.762436,Doubt,0,0
21.593418,4.380988,The Flintstones in Viva Rock Vegas,0,0
-1.499727,36.84159,The Rainmaker,0,0
34.334934,40.62342,Killing Them Softly,0,0
20.122913,-28.018587,Tress MacNeille,0,0
21.668266,23.313253,St. Trinian's,0,0
20.014257,-23.024466,Kevin Clash,0,0
56.33504,29.269697,The Matrix,0,0
10.221466,-6.846242,Tango & Cash,0,0
24.544636,-26.491693,Megumi Hayashibara,0,0
26.812468,-21.487919,Johnny Yong Bosch,0,0
28.020887,29.114525,Peter Pan,0,0
38.133083,-13.318687,Code Geass,0,0
-25.33514,40.944885,Dog Day Afternoon,0,0
14.174297,-20.674356,Olivia d'Abo,0,0
37.421425,59.02345,The Rescuers,0,0
-39.290283,29.639414,Gone with the Wind,0,0
0.65244174,39.42651,Monster's Ball,0,0
-7.5864797,36.282745,Radio,0,0
31.394611,29.353048,John Carter,0,0
46.69397,31.247099,Think Like A Man,0,0
3.2667212,19.737514,2010,0,0
11.518158,18.580816,War of the Worlds,0,0
-3.8437846,58.371586,Mrs Henderson Presents,0,0
13.408802,1.7672123,Basic Instinct 2,0,0
30.975573,17.447062,Intolerable Cruelty,0,0
23.047623,-27.25799,Kappei Yamaguchi,0,0
-12.926567,10.202827,Futurama,0,0
-6.481598,34.178608,And Starring Pancho Villa as Himself,0,0
18.479212,-24.487953,Jean Smart,0,0
-24.011059,40.788654,Kramer vs. Kramer,0,0
35.1616,53.30668,Paranormal Activity,0,0
-9.285078,43.27201,Glory,0,0
-1.9509664,29.01028,Coming to America,0,0
44.464622,17.672796,The Invention of Lying,0,0
-9.087385,63.43855,Notting Hill,0,0
11.264671,16.054615,Star Wars Episode I: The Phantom Menace,0,0
-0.46286047,46.473427,Far from Heaven,0,0
15.624732,-23.296879,Josh Hutchersonm,0,0
-2.221541,22.086563,E.T. the Extra-Terrestrial,0,0
50.67217,48.67458,Walk Hard: The Dewey Cox Story,0,0
44.512585,28.999609,The Mask,0,0
34.010567,50.546432,Don't Be Afraid of the Dark,0,0
18.846855,-29.044954,Wil Wheaton,0,0
-12.768949,34.458824,The Elephant Man,0,0
-22.529085,40.020428,Alice Doesn't Live Here Anymore,0,0
-17.097761,48.27075,In the Heat of the Night,0,0
22.48715,10.0234995,Ferris Bueller's Day Off,0,0
19.812813,-30.532993,Grey DeLisle,0,0
8.290367,-2.241663,The Next Best Thing,0,0
26.54434,54.953415,Kaboom,0,0
24.276754,10.297415,A Time to Kill,0,0
71.96428,25.655474,Moonraker,0,0
40.743664,19.550634,Knocked Up,0,0
-35.609676,30.376707,Yankee Doodle Dandy,0,0
21.247183,3.4617858,The Cat in the Hat,0,0
-14.954119,14.581621,Into the Storm,0,0
31.557138,46.470707,Silent Hill,0,0
-21.76402,34.63535,The Fisher King,0,0
-0.9478949,11.585625,Airplane!,0,0
13.188103,8.520498,Four Rooms,0,0
-5.9396396,16.741268,The Flintstones,0,0
12.83182,1.9399854,Christopher Columbus: The Discovery,0,0
15.115622,6.994773,North,0,0
33.328823,44.142815,Endhiran,0,0
44.5166,14.218053,The Pursuit of Happyness,0,0
-7.6278105,8.303887,Best in Show,0,0
20.74324,-28.886522,Corey Burton,0,0
-16.735867,1.0070238,Enron: The Smartest Guys in the Room,0,0
27.391804,40.974106,The Three Musketeers,0,0
-3.6142285,11.132698,Hoffa,0,0
21.02928,46.813812,Brighton Rock,0,0
18.623308,-23.710009,Betty White,0,0
-43.832443,24.371628,The Merry Widow,0,0
20.866875,-27.568573,Mark Hamill,0,0
-4.1568403,32.839897,A Civil Action,0,0
-13.196409,47.69272,The Piano,0,0
20.11163,19.267107,Seraphim Falls,0,0
35.670322,19.398323,Searching for Debra Winger,0,0
29.278362,29.889477,The Island,0,0
13.85544,56.257725,This Is England,0,0
14.98258,-22.53978,Jada Pinkett Smith,0,0
-16.625162,25.541414,Living in the Material World: George Harrison,0,0
20.020523,15.048633,Jay and Silent Bob Strike Back,0,0
17.765697,8.958383,You've Got Mail,0,0
-1.6235238,58.661057,Never Let Me Go,0,0
16.282526,53.458336,The Bridges of Madison County,0,0
20.782732,14.118501,Jersey Girl,0,0
3.3246007,41.320366,Legends of the Fall,0,0
19.90096,-24.323263,Andrea Bowen,0,0
-15.213332,42.582882,Silkwood,0,0
26.705042,21.03367,The Rocketeer,0,0
-10.346651,45.80353,Fargo,0,0
45.389427,17.781115,Step Brothers,0,0
-1.7093033,50.13752,Capote,0,0
10.396432,16.386087,Star Wars,0,0
-9.346315,44.22527,The Silence of the Lambs,0,0
-20.407007,-25.459133,American English,0,0
11.447862,-5.398948,The Specialist,0,0
21.758219,26.77082,The Parent Trap,0,0
36.807243,36.626633,Rock of Ages,0,0
-12.822935,45.125954,Unfaithful,0,0
-26.33911,46.80405,American Graffiti,0,0
5.0536523,56.00741,The Artist,0,0
-37.0089,48.159657,Nicholas and Alexandra,0,0
37.639538,-11.868069,Street Fighter II V,0,0
-5.8633165,58.29915,Happy-Go-Lucky,0,0
-22.989454,33.940876,Oh! What a Lovely War,0,0
19.331251,20.529867,Sleepers,0,0
10.956603,-5.7971683,An Alan Smithee Film: Burn Hollywood Burn,0,0
37.6899,46.82886,Red State,0,0
2.9276507,51.646572,Quiz Show,0,0
-42.85714,36.568897,The Greatest Story Ever Told,0,0
-21.273071,60.464394,Cyrano de Bergerac,0,0
13.075987,51.663334,Juno,0,0
19.64147,-27.283815,David Ogden Stiers,0,0
3.247377,29.627398,Stand by Me,0,0
22.258669,19.717543,X-Men: The Last Stand,0,0
-9.604492,61.801525,Bridget Jones's Diary,0,0
32.943604,10.3078575,Family Guy Presents: Stewie Griffin: The Untold Story,0,0
7.143123,23.531286,Deconstructing Harry,0,0
32.725327,48.38449,Lawless,0,0
-7.0461617,31.194208,My Big Fat Greek Wedding,0,0
0.79299545,57.67754,Boys Don't Cry,0,0
-0.80821973,48.3076,The Hours,0,0
50.8485,31.704596,Shark Tale,0,0
13.507435,63.49646,A Separation,0,0
-13.516881,7.9863086,Sex and the City,0,0
40.866707,38.227974,Men in Black 3,0,0
25.68058,18.735653,Back to the Future Part III,0,0
-17.280834,39.841827,Awakenings,0,0
-0.84818536,48.965965,Closer,0,0
-20.363918,18.136536,Summer of Sam,0,0
-17.771013,25.76291,When We Were Kings,0,0
25.674393,22.224707,Eragon,0,0
36.59126,-14.912782,Yu-Gi-Oh! GX,0,0
37.5444,16.125885,Hot Fuzz,0,0
19.630405,-31.185472,Rob Paulsen,0,0
46.68062,15.030769,Zookeeper,0,0
12.743168,-7.410848,Daylight,0,0
4.1282873,40.209053,The Last Samurai,0,0
12.30753,-1.8403068,Mommie Dearest,0,0
-18.049685,39.584103,Raging Bull,0,0
15.430646,-3.2961817,Jaws 3-D,0,0
19.575895,-28.33983,Bill Fagerbakke,0,0
-35.28019,37.46851,To Kill a Mockingbird,0,0
31.61573,20.211782,Inside Deep Throat,0,0
-4.531578,50.21602,Scent of a Woman,0,0
-3.9694877,56.93691,The Proposition,0,0
28.61067,56.625023,Germany in Autumn,0,0
-5.42148,38.8436,Frost/Nixon,0,0
38.60561,37.474087,Very Bad Things,0,0
-3.678825,52.95945,Man on the Moon,0,0
-22.675438,35.611668,Women in Love,0,0
55.21059,15.0619335,Bedazzled,0,0
-30.853285,39.47,Bonnie and Clyde,0,0
35.68492,-15.572876,Mobile Suit Gundam,0,0
-14.834433,13.434211,An Early Frost,0,0
-10.981222,56.64429,Emma,0,0
-24.123617,39.622482,The Untouchables,0,0
-43.3739,35.953377,Samson and Delilah,0,0
39.98207,33.499573,Chicken Run,0,0
9.204146,20.426472,Mission: Impossible II,0,0
20.705248,-30.229013,Jeff Bennett,0,0
14.052532,16.0379,Poltergeist,0,0
2.7419186,36.25801,The World's Fastest Indian,0,0
28.565075,12.024288,Deep Impact,0,0
-2.6630619,50.11243,There Will Be Blood,0,0
40.26227,32.52846,Shrek 2,0,0
15.942264,-21.979584,Rachael Leigh Cook,0,0
-10.326489,38.3415,Million Dollar Baby,0,0
35.234123,6.8645487,Final Fantasy: The Spirits Within,0,0
8.305107,28.286495,Edge of Darkness,0,0
16.188202,-22.773144,Ryan Reynolds,0,0
-14.858794,16.243439,The Late Shift,0,0
32.53673,33.170547,Dazed and Confused,0,0
10.819499,46.909847,It's Complicated,0,0
-9.163657,35.164616,Ghost,0,0
17.993027,8.102838,The Siege,0,0
-6.6029367,55.53912,The Full Monty,0,0
33.307728,34.17387,Labyrinth,0,0
-43.27925,30.555048,Spellbound,0,0
16.23822,-29.83793,Pinto Colvig,0,0
18.685535,71.0724,Legally Blonde,0,0
-8.005298,45.57138,Milk,0,0
17.075918,-28.421999,Peter Boyle,0,0
-39.591255,52.21684,Cries and Whispers,0,0
25.100368,48.40105,Looper,0,0
15.085063,20.645744,What Dreams May Come,0,0
1.3443378,44.98769,Confessions of a Dangerous Mind,0,0
19.947071,-21.340387,Andy Dick,0,0
16.099762,15.721703,Mars Attacks!,0,0
29.766315,49.147564,The Ice Storm,0,0
44.756836,12.354974,Grown Ups,0,0
36.555595,22.946556,Lemony Snicket's A Series of Unfortunate Events,0,0
6.503447,51.532505,"Crazy, Stupid, Love.",0,0
8.4081745,30.482761,Ali,0,0
-19.448214,42.525406,Moonstruck,0,0
15.041312,-26.627714,Jean Simmons,0,0
8.543466,40.04662,Talk to Me,0,0
-7.603803,57.168617,Shakespeare in Love,0,0
5.8495517,22.267683,8 Mile,0,0
-39.21531,36.4995,Wilson,0,0
30.399853,45.045547,X-Men Origins: Wolverine,0,0
29.302444,27.61395,Stardust,0,0
31.935863,56.259457,Luther,0,0
-26.279556,38.829067,Tucker: The Man and His Dream,0,0
15.690857,-22.98718,Uma Thurman,0,0
16.805847,10.982239,Starship Troopers,0,0
24.67318,43.549274,Big Fish,0,0
9.385205,49.414207,The Lord of the Rings: The Return of the King,0,0
-41.465214,30.733374,Since You Went Away,0,0
27.85841,11.440326,Sin City,0,0
23.970955,27.734913,Immortals,0,0
38.89912,44.04166,Seven Pounds,0,0
11.687002,-5.549074,Rhinestone,0,0
13.970566,39.459305,The Phantom of the Opera,0,0
17.857035,-24.214525,Lily Tomlin,0,0
-1.8148255,48.86758,Gods and Monsters,0,0
15.913085,52.505108,Attack the Block,0,0
-37.992344,17.00411,Rope,0,0
-20.630665,29.583614,Shane,0,0
-38.057182,34.430305,Hud,0,0
-36.989487,16.869158,Frenzy,0,0
-9.916358,60.680943,Four Weddings and a Funeral,0,0
32.736126,23.791811,The Stepford Wives,0,0
34.81035,30.44338,Big Miracle,0,0
32.080627,32.127728,Battleship,0,0
-1.3922309,52.51056,The Town,0,0
42.37675,23.08131,Zoolander,0,0
9.3826065,58.772343,Revolutionary Road,0,0
23.867577,6.6482234,Lucky Numbers,0,0
-3.6105506,65.52409,Dead Ringers,0,0
15.295813,-24.637533,Alfred Molina,0,0
13.434005,1.3937429,Showgirls,0,0
5.3276877,65.75904,Oliver Twist,0,0
30.864359,39.67253,Soul Surfer,0,0
-17.898577,30.29295,Marley,0,0
25.875378,55.045307,Hope Springs,0,0
-4.611192,11.915908,Beetlejuice,0,0
-19.453789,47.01721,Prizzi's Honor,0,0
29.240208,44.130337,Abraham Lincoln: Vampire Hunter,0,0
-28.69132,33.3007,The Verdict,0,0
16.453518,-24.68053,Billy Crudup,0,0
37.96273,-13.43948,Tenjho Tenge,0,0
40.292686,46.641857,Hotel Transylvania,0,0
16.088703,3.8434618,The Last Airbender,0,0
17.655916,-20.559689,Jim Belushi,0,0
11.655502,-23.645277,Jim Clark,0,0
33.00475,42.45816,Prometheus,0,0
21.356724,19.860348,Scoop,0,0
12.761878,47.807507,In & Out,0,0
-0.7651078,13.952547,Aladdin,0,0
3.5193853,50.30137,Winter‚Äôs Bone,0,0
-4.017935,1.273061,Twilight Zone: The Movie,0,0
13.704706,12.8134985,The Lookout,0,0
11.299683,-8.025765,Demolition Man,0,0
19.718275,45.35784,Everyone Says I Love You,0,0
-6.460863,58.013165,Vera Drake,0,0
32.596928,46.30933,This Means War,0,0
-38.62478,34.185287,Julius Caesar,0,0
19.85293,-25.904993,Phil LaMarr,0,0
15.465559,28.523994,Domino,0,0
0.68732774,59.344078,Kinsey,0,0
31.532324,33.015812,Ted,0,0
15.5794,-20.104689,Don Johnson,0,0
20.460617,-1.1032866,Meet Dave,0,0
18.714993,53.48559,Magic Mike,0,0
22.948557,59.924805,Zombieland,0,0
18.770592,27.130924,Calendar Girls,0,0
52.342678,30.23823,Enemy of the State,0,0
21.554588,8.897432,Scott Pilgrim vs. the World,0,0
-40.593384,29.495148,The Wizard of Oz,0,0
-27.279993,40.73769,Mississippi Burning,0,0
15.306862,-24.404778,Willem Dafoe,0,0
26.239367,4.524163,The Jetsons Meet the Flintstones,0,0
-4.891242,47.444107,The Virgin Suicides,0,0
-5.644804,49.761223,The Ghost Writer,0,0
18.420279,-25.483828,Tim Daly,0,0
-17.865433,42.86441,Sunday Bloody Sunday,0,0
-6.280896,52.32661,Shine,0,0
-37.444283,19.759789,North by Northwest,0,0
9.806134,-4.846925,Tough Guys Don't Dance,0,0
28.159437,44.43136,Step Up Revolution,0,0
8.451657,23.064917,Casper,0,0
-10.09558,45.72924,Monster,0,0
15.126858,7.0129304,Color of Night,0,0
25.209602,29.837698,Watchmen,0,0
12.82995,61.485878,Red Road,0,0
10.746965,70.06455,The Lives of Others,0,0
-40.37008,28.237434,The Bad and the Beautiful,0,0
23.766716,1.3875297,"South Park: Bigger, Longer & Uncut",0,0
19.32959,-23.331831,Carol Burnett,0,0
-15.481457,14.562361,The Gathering Storm,0,0
18.245071,35.036995,Lantana,0,0
38.651596,22.640818,The Holiday,0,0
-13.765162,21.291168,Gettysburg,0,0
3.1598792,38.12608,Seven,0,0
4.0903893,34.22997,Extremely Loud and Incredibly Close,0,0
16.312859,-23.275427,Kirsten Dunst,0,0
14.16807,1.6197627,Striptease,0,0
-13.393988,8.85069,Friday Night Lights,0,0
15.408577,-25.263548,Billy Bob Thornton,0,0
23.41881,-24.547235,Koyasu Taketo,0,0
-37.380486,17.887281,Rear Window,0,0
29.11213,19.200905,Agora,0,0
28.73145,23.840221,Starter for 10,0,0
47.073544,39.703377,Bolt,0,0
-4.137883,46.609753,The Cider House Rules,0,0
17.862906,33.376633,The Hobbit: An Unexpected Journey,0,0
20.947556,-25.926493,Kikuko Inoue,0,0
26.958664,58.11773,Perfume: The Story of a Murderer,0,0
-6.142316,45.558567,American Gangster,0,0
26.548008,6.302691,New Year's Eve,0,0
15.424657,37.642323,That Thing You Do!,0,0
28.52429,42.637173,Footloose,0,0
17.866463,54.660503,Saw IV,0,0
35.03825,31.729742,Thor,0,0
-40.33495,28.336906,Gaslight,0,0
0.3561409,48.279396,Jerry Maguire,0,0
-7.7780604,61.035954,Barney's Version,0,0
19.61072,45.34073,The People vs. Larry Flynt,0,0
33.947014,23.861431,The Killer Inside Me,0,0
-36.735332,37.995163,America America,0,0
-39.27513,31.160877,It's a Wonderful Life,0,0
38.06029,2.2620404,Scream 2,0,0
39.253883,32.598087,Hannah Montana: The Movie,0,0
38.032658,2.242871,Scream 4,0,0
77.34446,-28.819931,Italian Language,1,0
-71.45634,-16.74316,English Language,1,0
2.2197654,-93.132996,Japanese Language,1,0
-19.46787,-49.35193,French,1,0
6.0801373,-51.264362,Greek Language,1,0
14.622637,-62.08041,Mandarin Chinese,1,0
20.515676,-50.65448,Irish,1,0
77.47423,3.5378428,German Language,1,0
42.91823,-50.878693,Turkish Language,1,0
-1.0060866,-49.116154,Hebrew Language,1,0
12.105943,-47.154198,Portuguese Language,1,0
6.509338,-72.110374,Korean Language,1,0
33.296673,-59.45079,Spanish Language,1,0
54.373253,-22.52765,Russian Language,1,0
30.592255,-47.763947,Czech Language,1,0
-4.3020263,-30.3655,Hindi Language,1,0
49.284897,-47.409218,Arabic Language,1,0
21.03717,-47.268932,Afrikaans Language,1,0
-0.1677167,-7.829621,Germany,1,0
5.757783,-36.57807,Urdu Language,1,0
-23.014565,-79.51954,Latin Language,1,0
21.468449,-84.94406,Yue Chinese,1,0
41.30313,-44.923714,Hungarian language,1,0
48.245937,-41.56914,Thai Language,1,0
13.042013,-42.861572,Tagalog language,1,0
12.47168,-53.139027,Yiddish Language,1,0
23.02465,-43.03858,Romanian Language,1,0
42.41145,-45.07155,Serbo-Croatian Language,1,0
54.15716,-31.774208,Danish Language,1,0
46.46608,-33.380013,Vietnamese Language,1,0
1.896582,-33.395184,Punjabi language,1,0
16.833773,-77.43846,Swahili Language,1,0
39.505596,-70.308525,Swedish Language,1,0
-56.249264,-34.94413,Norwegian Language,1,0
20.693676,-60.729897,Welsh Language,1,0
-1.1558481,-8.055245,England,1,0
3.2303932,-59.69004,Cantonese,1,0
26.2013,-46.704514,Polish Language,1,0
0.0029121535,-7.768195,France,1,0
17.879486,-56.36338,Chinese language,1,0
19.829275,-65.9768,Albanian language,1,0
-15.707318,-41.996006,German food,1,0
56.574127,-23.509876,Italian food,1,0
20.752207,-48.732826,Malay Language,1,0
8.985255,-43.69049,Filipino language,1,0
9.510831,-54.65835,Finnish Language,1,0
18.18505,-69.7918,Persian Language,1,0
39.886982,-44.721306,Sinhala Language,1,0
32.784023,-50.19371,Ukrainian Language,1,0
26.576326,-53.027122,Silent film,1,0
26.19319,-69.492386,Croatian language,1,0
47.757114,-53.40378,Khmer language,1,0
52.64827,89.63592,Indonesian Language,1,0
37.362278,-59.231083,Bulgarian Language,1,0
32.759983,-49.30114,Serbian language,1,0
-4.2918177,-33.872307,Tamil Language,1,0
17.245058,-45.68907,Dutch Language,1,0
-53.244244,-30.381968,Gujarati Language,1,0
7.307421,-38.30657,Bengali Language,1,0
